ECS_Version,Indexed,Field_Set,Field,Type,Level,Normalization,Example,Description
8.7.0,true,base,@timestamp,date,core,,2016-05-23T08:05:34.853Z,Date/time when the event originated.
8.7.0,true,base,labels,object,core,,"{""application"": ""foo-bar"", ""env"": ""production""}",Custom key/value pairs.
8.7.0,true,base,message,match_only_text,core,,Hello World,Log message optimized for viewing in a log viewer.
8.7.0,true,base,tags,keyword,core,array,"[""production"", ""env2""]",List of keywords used to tag each event.
8.7.0,true,agent,agent.build.original,keyword,core,,"metricbeat version 7.6.0 (amd64), libbeat 7.6.0 [6a23e8f8f30f5001ba344e4e54d8d9cb82cb107c built 2020-02-05 23:10:10 +0000 UTC]",Extended build information for the agent.
8.7.0,true,agent,agent.ephemeral_id,keyword,extended,,8a4f500f,Ephemeral identifier of this agent.
8.7.0,true,agent,agent.hostname,keyword,extended,,,Agent's hostname.
8.7.0,true,agent,agent.id,keyword,core,,8a4f500d,Unique identifier of this agent.
8.7.0,true,agent,agent.name,keyword,core,,foo,Custom name of the agent.
8.7.0,true,agent,agent.type,keyword,core,,filebeat,Type of the agent.
8.7.0,true,agent,agent.version,keyword,core,,6.0.0-rc2,Version of the agent.
8.7.0,true,arcsight,arcsight.category.behavior,keyword,extended,,,Behavior category
8.7.0,true,arcsight,arcsight.category.device.group,keyword,extended,,,Event's device group
8.7.0,true,arcsight,arcsight.category.device.type,keyword,extended,,,Event's device type
8.7.0,true,arcsight,arcsight.category.object,keyword,extended,,,Event's object category
8.7.0,true,arcsight,arcsight.category.outcome,keyword,extended,,,Event's outcome
8.7.0,true,arcsight,arcsight.category.significance,keyword,extended,,,Event's significance
8.7.0,true,arcsight,arcsight.category.technique,keyword,extended,,,Event's technique
8.7.0,true,arcsight,arcsight.classid,keyword,extended,,,Event's Classification ID
8.7.0,true,auditd,auditd.log.a0,keyword,extended,,,The first argument to the system call
8.7.0,true,auditd,auditd.log.addr,ip,extended,,,ip
8.7.0,true,auditd,auditd.log.audit_failure,keyword,extended,,,audit_failure
8.7.0,true,auditd,auditd.log.cipher,keyword,extended,,,cipher
8.7.0,true,auditd,auditd.log.data,keyword,extended,,,data
8.7.0,true,auditd,auditd.log.default-context,keyword,extended,,,default-context
8.7.0,true,auditd,auditd.log.dev,keyword,extended,,,dev
8.7.0,true,auditd,auditd.log.direction,keyword,extended,,,direction
8.7.0,true,auditd,auditd.log.dst_prefixlen,long,extended,,,dst_prefixlen
8.7.0,true,auditd,auditd.log.entries,long,extended,,,entries
8.7.0,true,auditd,auditd.log.family,keyword,extended,,,family
8.7.0,true,auditd,auditd.log.fe,keyword,extended,,,fe
8.7.0,true,auditd,auditd.log.fi,keyword,extended,,,fi
8.7.0,true,auditd,auditd.log.format,keyword,extended,,,format
8.7.0,true,auditd,auditd.log.fp,keyword,extended,,,fp
8.7.0,true,auditd,auditd.log.fver,keyword,extended,,,fver
8.7.0,true,auditd,auditd.log.gpg_res,keyword,extended,,,gpg_res
8.7.0,true,auditd,auditd.log.hostname,keyword,extended,,,hostname
8.7.0,true,auditd,auditd.log.id,keyword,extended,,,id
8.7.0,true,auditd,auditd.log.img-ctx,keyword,extended,,,img-ctx
8.7.0,true,auditd,auditd.log.inode,keyword,extended,,,inode
8.7.0,true,auditd,auditd.log.ip,keyword,extended,,,instruction pointer
8.7.0,true,auditd,auditd.log.item,keyword,extended,,,index of item
8.7.0,true,auditd,auditd.log.items,keyword,extended,,,The number of items in an event.
8.7.0,true,auditd,auditd.log.kernel,keyword,extended,,,kernel
8.7.0,true,auditd,auditd.log.key_enforce,boolean,extended,,,key_enforce
8.7.0,true,auditd,auditd.log.kind,keyword,extended,,,kind
8.7.0,true,auditd,auditd.log.ksize,long,extended,,,ksize
8.7.0,true,auditd,auditd.log.laddr,ip,extended,,,laddr
8.7.0,true,auditd,auditd.log.list,keyword,extended,,,list
8.7.0,true,auditd,auditd.log.lport,long,extended,,,lport
8.7.0,true,auditd,auditd.log.major,keyword,extended,,,major
8.7.0,true,auditd,auditd.log.minor,keyword,extended,,,minor
8.7.0,true,auditd,auditd.log.mode,keyword,extended,,,mode
8.7.0,true,auditd,auditd.log.model,keyword,extended,,,model
8.7.0,true,auditd,auditd.log.name,keyword,extended,,,name
8.7.0,true,auditd,auditd.log.new-level,keyword,extended,,,new-level
8.7.0,true,auditd,auditd.log.new_auid,keyword,extended,,,new audit id
8.7.0,true,auditd,auditd.log.new_pe,keyword,extended,,,new_pe
8.7.0,true,auditd,auditd.log.new_pi,keyword,extended,,,new_pi
8.7.0,true,auditd,auditd.log.new_pp,keyword,extended,,,new_pp
8.7.0,true,auditd,auditd.log.new_ses,keyword,extended,,,For login events this is the new session ID. It can be used to tie a user to future events by session ID.
8.7.0,true,auditd,auditd.log.node,keyword,extended,,,node
8.7.0,true,auditd,auditd.log.obj,keyword,extended,,,obj
8.7.0,true,auditd,auditd.log.objtype,keyword,extended,,,objtype
8.7.0,true,auditd,auditd.log.old,keyword,extended,,,old
8.7.0,true,auditd,auditd.log.old-level,keyword,extended,,,old-level
8.7.0,true,auditd,auditd.log.old_auid,keyword,extended,,,For login events this is the old audit ID used for the user prior to this login.
8.7.0,true,auditd,auditd.log.old_pe,keyword,extended,,,old_pe
8.7.0,true,auditd,auditd.log.old_pi,keyword,extended,,,old_pi
8.7.0,true,auditd,auditd.log.old_pp,keyword,extended,,,old_pp
8.7.0,true,auditd,auditd.log.old_ses,keyword,extended,,,For login events this is the old session ID used for the user prior to this login.
8.7.0,true,auditd,auditd.log.op,keyword,extended,,,op
8.7.0,true,auditd,auditd.log.pfs,keyword,extended,,,pfs
8.7.0,true,auditd,auditd.log.proctitle,keyword,extended,,,proctitle
8.7.0,true,auditd,auditd.log.rdev,keyword,extended,,,rdev
8.7.0,true,auditd,auditd.log.reason,keyword,extended,,,reason
8.7.0,true,auditd,auditd.log.record_type,keyword,extended,,,record_type
8.7.0,true,auditd,auditd.log.reset,keyword,extended,,,reset
8.7.0,true,auditd,auditd.log.root_dir,keyword,extended,,,root_dir
8.7.0,true,auditd,auditd.log.rport,long,extended,,,rport
8.7.0,true,auditd,auditd.log.saddr,keyword,extended,,,saddr
8.7.0,true,auditd,auditd.log.selected-context,keyword,extended,,,selected-context
8.7.0,true,auditd,auditd.log.sequence,long,extended,,,The audit event sequence number.
8.7.0,true,auditd,auditd.log.ses,keyword,extended,,,ses
8.7.0,true,auditd,auditd.log.spid,keyword,extended,,,spid
8.7.0,true,auditd,auditd.log.src_prefixlen,long,extended,,,src_prefixlen
8.7.0,true,auditd,auditd.log.subj,keyword,extended,,,subj
8.7.0,true,auditd,auditd.log.success,boolean,extended,,,success
8.7.0,true,auditd,auditd.log.sw,keyword,extended,,,sw
8.7.0,true,auditd,auditd.log.sw_type,keyword,extended,,,sw_type
8.7.0,true,auditd,auditd.log.syscall,keyword,extended,,,syscall
8.7.0,true,auditd,auditd.log.table,keyword,extended,,,table
8.7.0,true,auditd,auditd.log.tty,keyword,extended,,,tty
8.7.0,true,auditd,auditd.log.uid,keyword,extended,,,uid
8.7.0,true,auditd,auditd.log.unit,keyword,extended,,,unit
8.7.0,true,auditd,auditd.log.uuid,keyword,extended,,,uuid
8.7.0,true,auditd,auditd.log.ver,keyword,extended,,,ver
8.7.0,true,auditd,auditd.log.virt,keyword,extended,,,virt
8.7.0,true,auditd,auditd.log.vm,keyword,extended,,,vm
8.7.0,true,auditd,auditd.log.vm-ctx,keyword,extended,,,vm-ctx
8.7.0,true,aws,aws.cloudwatch.log.group,keyword,extended,,,The CloudWatch LogGroup
8.7.0,true,aws,aws.cloudwatch.log.message_type,keyword,extended,,,CloudWatch MessageType
8.7.0,true,aws,aws.cloudwatch.log.stream,keyword,extended,,,The CloudWatch LogStream
8.7.0,true,aws,aws.cloudwatch.log.subscription_filters,keyword,extended,,,The name of the Subscription Filter used to send CloudWatch Logs to Security
8.7.0,true,aws,aws.lambda.action,keyword,extended,,,"lambda action (START, REPORT, ...)"
8.7.0,true,aws,aws.lambda.duration.billed,double,extended,,,Billed duration (ms) for a lambda invocation
8.7.0,true,aws,aws.lambda.duration.init,double,extended,,,Init duration (ms) for a lambda invocation
8.7.0,true,aws,aws.lambda.duration.run,double,extended,,,running duration (ms) for a lambda invocation
8.7.0,true,aws,aws.lambda.memory.size,unsigned_long,extended,,,Size (MB) of memory allocated to a lambda invocation
8.7.0,true,aws,aws.lambda.memory.used,unsigned_long,extended,,,Actual amount (MB) of memory used by lambda invocation
8.7.0,true,aws,aws.lambda.requestid,keyword,extended,,,Lambda request id
8.7.0,true,aws,aws.lambda.version,keyword,extended,,,Lambda function version
8.7.0,true,aws,aws.s3.bucket.arn,keyword,extended,,,The ARN of the S3 Bucket
8.7.0,true,aws,aws.s3.bucket.name,keyword,extended,,,The S3 Bucket Name
8.7.0,true,aws,aws.s3.object.key,keyword,extended,,,The S3 Object Key
8.7.0,true,aws,aws.waf.arn,keyword,extended,,,AWS ARN of ACL
8.7.0,true,aws,aws.waf.id,keyword,extended,,,ID of ACL
8.7.0,true,aws,aws.waf.non_terminating_matching_rules,nested,extended,,,The list of non-terminating rules in the rule group that match the request
8.7.0,true,aws,aws.waf.rate_based_rule_list,nested,extended,,,The list of rate-based rules that acted on the request.
8.7.0,true,aws,aws.waf.request.headers,flattened,extended,,,List of request headers
8.7.0,true,aws,aws.waf.rule_group_list,nested,extended,,,The list of rule groups that acted on this request.
8.7.0,true,aws,aws.waf.source.id,keyword,extended,,,The source ID. This field shows the ID of the associated resource.
8.7.0,true,aws,aws.waf.source.name,keyword,extended,,,The source of the request
8.7.0,true,aws,aws.waf.terminating_rule_match_details,nested,extended,,,Detailed information about the terminating rule that matched the request
8.7.0,true,beyondtrust,beyondtrust.api,keyword,extended,,,
8.7.0,true,beyondtrust,beyondtrust.auth_method,keyword,extended,,,
8.7.0,true,beyondtrust,beyondtrust.beyondtrust.old_permissions.jump_item_role.teams.id,keyword,extended,,,
8.7.0,true,beyondtrust,beyondtrust.end_time,keyword,extended,,,
8.7.0,true,beyondtrust,beyondtrust.end_timestamp,keyword,extended,,,
8.7.0,true,beyondtrust,beyondtrust.event,keyword,extended,,,
8.7.0,true,beyondtrust,beyondtrust.group_by,keyword,extended,,,
8.7.0,true,beyondtrust,beyondtrust.new_account.disabled,keyword,extended,,,
8.7.0,true,beyondtrust,beyondtrust.new_account.email.address,keyword,extended,,,
8.7.0,true,beyondtrust,beyondtrust.old_account.created,keyword,extended,,,
8.7.0,true,beyondtrust,beyondtrust.old_account.disabled,keyword,extended,,,
8.7.0,true,beyondtrust,beyondtrust.old_account.email.locale,keyword,extended,,,
8.7.0,true,beyondtrust,beyondtrust.old_account.expiration,keyword,extended,,,
8.7.0,true,beyondtrust,beyondtrust.old_account.failed_logins,long,extended,,,
8.7.0,true,beyondtrust,beyondtrust.old_account.will_expire,keyword,extended,,,
8.7.0,true,beyondtrust,beyondtrust.old_display_number,keyword,extended,,,
8.7.0,true,beyondtrust,beyondtrust.old_id,keyword,extended,,,
8.7.0,true,beyondtrust,beyondtrust.old_license_pool.id,keyword,extended,,,
8.7.0,true,beyondtrust,beyondtrust.old_license_pool.name,keyword,extended,,,
8.7.0,true,beyondtrust,beyondtrust.old_login_code.enabled,keyword,extended,,,
8.7.0,true,beyondtrust,beyondtrust.old_login_schedule.enabled,keyword,extended,,,
8.7.0,true,beyondtrust,beyondtrust.old_login_schedule.force_logout,keyword,extended,,,
8.7.0,true,beyondtrust,beyondtrust.old_login_schedule.timezone,keyword,extended,,,
8.7.0,true,beyondtrust,beyondtrust.old_permissions.jump_item_role.default.id,keyword,extended,,,
8.7.0,true,beyondtrust,beyondtrust.old_permissions.jump_item_role.default.name,keyword,extended,,,
8.7.0,true,beyondtrust,beyondtrust.old_permissions.jump_item_role.teams.name,keyword,extended,,,
8.7.0,true,beyondtrust,beyondtrust.old_provider.id,keyword,extended,,,
8.7.0,true,beyondtrust,beyondtrust.old_provider.name,keyword,extended,,,
8.7.0,true,beyondtrust,beyondtrust.old_two_factor_auth.required,keyword,extended,,,
8.7.0,true,beyondtrust,beyondtrust.old_username,keyword,extended,,,
8.7.0,true,beyondtrust,beyondtrust.only_completed,keyword,extended,,,
8.7.0,true,beyondtrust,beyondtrust.outcome,keyword,extended,,,
8.7.0,true,beyondtrust,beyondtrust.reason,keyword,extended,,,
8.7.0,true,beyondtrust,beyondtrust.row_count,long,extended,,,
8.7.0,true,beyondtrust,beyondtrust.row_start,long,extended,,,
8.7.0,true,beyondtrust,beyondtrust.segment.id,keyword,extended,,,
8.7.0,true,beyondtrust,beyondtrust.segment.total,keyword,extended,,,
8.7.0,true,beyondtrust,beyondtrust.site,keyword,extended,,,
8.7.0,true,beyondtrust,beyondtrust.site_id,keyword,extended,,,
8.7.0,true,beyondtrust,beyondtrust.site_name,keyword,extended,,,
8.7.0,true,beyondtrust,beyondtrust.start_time,keyword,extended,,,
8.7.0,true,beyondtrust,beyondtrust.start_timestamp,keyword,extended,,,
8.7.0,true,beyondtrust,beyondtrust.status,keyword,extended,,,
8.7.0,true,beyondtrust,beyondtrust.target,keyword,extended,,,
8.7.0,true,beyondtrust,beyondtrust.when,long,extended,,,
8.7.0,true,beyondtrust,beyondtrust.who,keyword,extended,,,
8.7.0,true,beyondtrust,beyondtrust.who_ip,keyword,extended,,,
8.7.0,true,bpr,bpr.calnet_id,keyword,extended,,,Calnet ID
8.7.0,true,bpr,bpr.description,keyword,extended,,,description
8.7.0,true,bpr,bpr.for_uid,keyword,extended,,,for_uid
8.7.0,true,bpr,bpr.for_username,keyword,extended,,,for_username
8.7.0,true,bpr,bpr.found_and_deleted,keyword,extended,,,Calnet ID
8.7.0,true,bpr,bpr.identifier,keyword,extended,,,Calnet ID
8.7.0,true,bpr,bpr.identifier_type,keyword,extended,,,Calnet ID
8.7.0,true,bpr,bpr.logged_in_uid,keyword,extended,,,Calnet ID
8.7.0,true,bpr,bpr.logged_in_username,keyword,extended,,,Calnet ID
8.7.0,true,bpr,bpr.new_calnet_id,keyword,extended,,,Calnet ID
8.7.0,true,bpr,bpr.new_email_address,keyword,extended,,,Calnet ID
8.7.0,true,bpr,bpr.new_recovery_email_address,keyword,extended,,,Calnet ID
8.7.0,true,bpr,bpr.old_calnet_id,keyword,extended,,,Calnet ID
8.7.0,true,bpr,bpr.old_recovery_email_address,keyword,extended,,,Calnet ID
8.7.0,true,bpr,bpr.recovery_email_address,keyword,extended,,,Calnet ID
8.7.0,true,bpr,bpr.registration_source,keyword,extended,,,Calnet ID
8.7.0,true,bpr,bpr.send_upstream_message,keyword,extended,,,Calnet ID
8.7.0,true,bpr,bpr.send_user_message,keyword,extended,,,Calnet ID
8.7.0,true,bpr,bpr.track_status_type,keyword,extended,,,Calnet ID
8.7.0,true,cas,cas.application,keyword,extended,,,Application requesting CAS authentication
8.7.0,true,cas,cas.id,keyword,extended,,,Applicaion's CAS ID
8.7.0,true,cas,cas.provider,keyword,extended,,,Application's CAS provider
8.7.0,true,cisco_duo,cisco_duo.admin.action,keyword,extended,,,The type of change that was performed
8.7.0,true,cisco_duo,cisco_duo.admin.action_performed_on,keyword,extended,,,The object that was acted on.
8.7.0,true,cisco_duo,cisco_duo.admin.user.name,keyword,extended,,,The full name of the administrator who performed the action in the Duo Admin Panel.
8.7.0,true,cisco_duo,cisco_duo.auth.access_device.flash_version,keyword,extended,,,"The Flash plugin version used, if present."
8.7.0,true,cisco_duo,cisco_duo.auth.access_device.hostname,keyword,extended,,,"The hostname, if present."
8.7.0,true,cisco_duo,cisco_duo.auth.access_device.ip,ip,extended,,,The access device's IP address.
8.7.0,true,cisco_duo,cisco_duo.auth.access_device.is_encryption_enabled,keyword,extended,,,Reports the disk encryption state as detected by the Duo Device Health app.
8.7.0,true,cisco_duo,cisco_duo.auth.access_device.is_firewall_enabled,keyword,extended,,,Reports the firewall state as detected by the Duo Device Health app.
8.7.0,true,cisco_duo,cisco_duo.auth.access_device.is_password_set,keyword,extended,,,Reports the system password state as detected by the Duo Device Health app
8.7.0,true,cisco_duo,cisco_duo.auth.access_device.java_version,keyword,extended,,,The Java plugin version used.
8.7.0,true,cisco_duo,cisco_duo.auth.access_device.location.city,keyword,extended,,,The city name of the access device using geoip location.
8.7.0,true,cisco_duo,cisco_duo.auth.access_device.location.country,keyword,extended,,,The country of the access device using geoip location.
8.7.0,true,cisco_duo,cisco_duo.auth.access_device.location.state,keyword,extended,,,The state name of the access device using geoip location.
8.7.0,true,cisco_duo,cisco_duo.auth.access_device.security_agents,keyword,extended,,,Reports the security agents present on the endpoint as detected by the Duo Device Health app.
8.7.0,true,cisco_duo,cisco_duo.auth.alias,keyword,extended,,,The username alias used to log in.
8.7.0,true,cisco_duo,cisco_duo.auth.application.key,keyword,extended,,,The application's integration_key.
8.7.0,true,cisco_duo,cisco_duo.auth.application.name,keyword,extended,,,The application's name.
8.7.0,true,cisco_duo,cisco_duo.auth.auth_device.as.number,long,extended,,,auth_device AS Number
8.7.0,true,cisco_duo,cisco_duo.auth.auth_device.as.organization.name,keyword,extended,,,Organization name.
8.7.0,true,cisco_duo,cisco_duo.auth.auth_device.geo.city_name,keyword,extended,,,City name.
8.7.0,true,cisco_duo,cisco_duo.auth.auth_device.geo.continent_name,keyword,extended,,,Name of the continent.
8.7.0,true,cisco_duo,cisco_duo.auth.auth_device.geo.country_iso_code,keyword,extended,,,Country ISO code.
8.7.0,true,cisco_duo,cisco_duo.auth.auth_device.geo.country_name,keyword,extended,,,Country name.
8.7.0,true,cisco_duo,cisco_duo.auth.auth_device.geo.location,geo_point,core,,,Longitude and latitude.
8.7.0,true,cisco_duo,cisco_duo.auth.auth_device.geo.region_iso_code,keyword,extended,,,Region ISO code.
8.7.0,true,cisco_duo,cisco_duo.auth.auth_device.geo.region_name,keyword,extended,,,Region name.
8.7.0,true,cisco_duo,cisco_duo.auth.auth_device.ip,ip,extended,,,The IP address of the authentication device.
8.7.0,true,cisco_duo,cisco_duo.auth.auth_device.location.city,keyword,extended,,,The city name of the authentication device using geoip location.
8.7.0,true,cisco_duo,cisco_duo.auth.auth_device.location.country,keyword,extended,,,The country of the authentication device using geoip location.
8.7.0,true,cisco_duo,cisco_duo.auth.auth_device.location.state,keyword,extended,,,The state name of the authentication device using geoip location.
8.7.0,true,cisco_duo,cisco_duo.auth.auth_device.name,keyword,extended,,,The name of the authentication device.
8.7.0,true,cisco_duo,cisco_duo.auth.email,keyword,extended,,,"The email address of the user, if known to Duo, otherwise none."
8.7.0,true,cisco_duo,cisco_duo.auth.event_type,keyword,extended,,,The type of activity logged.
8.7.0,true,cisco_duo,cisco_duo.auth.factor,keyword,extended,,,The authentication factor.
8.7.0,true,cisco_duo,cisco_duo.auth.geo_mismatch,boolean,extended,,,True when auth_device.geo.state != access_device.geo.state. indicates a potential security issue.
8.7.0,true,cisco_duo,cisco_duo.auth.ood_software,keyword,extended,,,"If authentication was denied due to out-of-date software, shows the name of the software."
8.7.0,true,cisco_duo,cisco_duo.auth.reason,keyword,extended,,,Provide the reason for the authentication attempt result.
8.7.0,true,cisco_duo,cisco_duo.auth.result,keyword,extended,,,The result of the authentication attempt.
8.7.0,true,cisco_duo,cisco_duo.auth.trusted_endpoint_status,keyword,extended,,,Status of Trusted Endpoint.
8.7.0,true,cisco_duo,cisco_duo.auth.txid,keyword,extended,,,The transaction ID of the event.
8.7.0,true,client,client.address,keyword,extended,,,Client network address.
8.7.0,true,client,client.as.number,long,extended,,15169,Unique number allocated to the autonomous system.
8.7.0,true,client,client.as.organization.name,keyword,extended,,Google LLC,Organization name.
8.7.0,true,client,client.as.organization.name.text,match_only_text,extended,,Google LLC,Organization name.
8.7.0,true,client,client.bytes,long,core,,184,Bytes sent from the client to the server.
8.7.0,true,client,client.domain,keyword,core,,foo.example.com,The domain name of the client.
8.7.0,true,client,client.geo.city_name,keyword,core,,Montreal,City name.
8.7.0,true,client,client.geo.continent_code,keyword,core,,NA,Continent code.
8.7.0,true,client,client.geo.continent_name,keyword,core,,North America,Name of the continent.
8.7.0,true,client,client.geo.country_iso_code,keyword,core,,CA,Country ISO code.
8.7.0,true,client,client.geo.country_name,keyword,core,,Canada,Country name.
8.7.0,true,client,client.geo.location,geo_point,core,,"{ ""lon"": -73.614830, ""lat"": 45.505918 }",Longitude and latitude.
8.7.0,true,client,client.geo.name,keyword,extended,,boston-dc,User-defined description of a location.
8.7.0,true,client,client.geo.postal_code,keyword,core,,94040,Postal code.
8.7.0,true,client,client.geo.region_iso_code,keyword,core,,CA-QC,Region ISO code.
8.7.0,true,client,client.geo.region_name,keyword,core,,Quebec,Region name.
8.7.0,true,client,client.geo.timezone,keyword,core,,America/Argentina/Buenos_Aires,Time zone.
8.7.0,true,client,client.ip,ip,core,,,IP address of the client.
8.7.0,true,client,client.mac,keyword,core,,00-00-5E-00-53-23,MAC address of the client.
8.7.0,true,client,client.nat.ip,ip,extended,,,Client NAT ip address
8.7.0,true,client,client.nat.port,long,extended,,,Client NAT port
8.7.0,true,client,client.packets,long,core,,12,Packets sent from the client to the server.
8.7.0,true,client,client.port,long,core,,,Port of the client.
8.7.0,true,client,client.registered_domain,keyword,extended,,example.com,"The highest registered client domain, stripped of the subdomain."
8.7.0,true,client,client.subdomain,keyword,extended,,east,The subdomain of the domain.
8.7.0,true,client,client.top_level_domain,keyword,extended,,co.uk,"The effective top level domain (com, org, net, co.uk)."
8.7.0,true,client,client.user.domain,keyword,extended,,,Name of the directory the user is a member of.
8.7.0,true,client,client.user.email,keyword,extended,,,User email address.
8.7.0,true,client,client.user.full_name,keyword,extended,,Albert Einstein,"User's full name, if available."
8.7.0,true,client,client.user.full_name.text,match_only_text,extended,,Albert Einstein,"User's full name, if available."
8.7.0,true,client,client.user.group.domain,keyword,extended,,,Name of the directory the group is a member of.
8.7.0,true,client,client.user.group.id,keyword,extended,,,Unique identifier for the group on the system/platform.
8.7.0,true,client,client.user.group.name,keyword,extended,,,Name of the group.
8.7.0,true,client,client.user.hash,keyword,extended,,,Unique user hash to correlate information for a user in anonymized form.
8.7.0,true,client,client.user.id,keyword,core,,S-1-5-21-202424912787-2692429404-2351956786-1000,Unique identifier of the user.
8.7.0,true,client,client.user.name,keyword,core,,a.einstein,Short name or login of the user.
8.7.0,true,client,client.user.name.text,match_only_text,core,,a.einstein,Short name or login of the user.
8.7.0,true,client,client.user.roles,keyword,extended,array,"[""kibana_admin"", ""reporting_user""]",Array of user roles at the time of the event.
8.7.0,true,cloud,cloud.account.id,keyword,extended,,666777888999,The cloud account or organization id.
8.7.0,true,cloud,cloud.account.name,keyword,extended,,elastic-dev,The cloud account name.
8.7.0,true,cloud,cloud.account.pl,integer,extended,,,Cloud Account Protection Level
8.7.0,true,cloud,cloud.availability_zone,keyword,extended,,us-east-1c,"Availability zone in which this host, resource, or service is located."
8.7.0,true,cloud,cloud.instance.id,keyword,extended,,i-1234567890abcdef0,Instance ID of the host machine.
8.7.0,true,cloud,cloud.instance.name,keyword,extended,,,Instance name of the host machine.
8.7.0,true,cloud,cloud.machine.type,keyword,extended,,t2.medium,Machine type of the host machine.
8.7.0,true,cloud,cloud.origin.account.id,keyword,extended,,666777888999,The cloud account or organization id.
8.7.0,true,cloud,cloud.origin.account.name,keyword,extended,,elastic-dev,The cloud account name.
8.7.0,true,cloud,cloud.origin.account.pl,integer,extended,,,Cloud Account Protection Level
8.7.0,true,cloud,cloud.origin.availability_zone,keyword,extended,,us-east-1c,"Availability zone in which this host, resource, or service is located."
8.7.0,true,cloud,cloud.origin.instance.id,keyword,extended,,i-1234567890abcdef0,Instance ID of the host machine.
8.7.0,true,cloud,cloud.origin.instance.name,keyword,extended,,,Instance name of the host machine.
8.7.0,true,cloud,cloud.origin.machine.type,keyword,extended,,t2.medium,Machine type of the host machine.
8.7.0,true,cloud,cloud.origin.project.id,keyword,extended,,my-project,The cloud project id.
8.7.0,true,cloud,cloud.origin.project.name,keyword,extended,,my project,The cloud project name.
8.7.0,true,cloud,cloud.origin.provider,keyword,extended,,aws,Name of the cloud provider.
8.7.0,true,cloud,cloud.origin.region,keyword,extended,,us-east-1,"Region in which this host, resource, or service is located."
8.7.0,true,cloud,cloud.origin.service.name,keyword,extended,,lambda,The cloud service name.
8.7.0,true,cloud,cloud.project.id,keyword,extended,,my-project,The cloud project id.
8.7.0,true,cloud,cloud.project.name,keyword,extended,,my project,The cloud project name.
8.7.0,true,cloud,cloud.provider,keyword,extended,,aws,Name of the cloud provider.
8.7.0,true,cloud,cloud.region,keyword,extended,,us-east-1,"Region in which this host, resource, or service is located."
8.7.0,true,cloud,cloud.service.name,keyword,extended,,lambda,The cloud service name.
8.7.0,true,cloud,cloud.target.account.id,keyword,extended,,666777888999,The cloud account or organization id.
8.7.0,true,cloud,cloud.target.account.name,keyword,extended,,elastic-dev,The cloud account name.
8.7.0,true,cloud,cloud.target.account.pl,integer,extended,,,Cloud Account Protection Level
8.7.0,true,cloud,cloud.target.availability_zone,keyword,extended,,us-east-1c,"Availability zone in which this host, resource, or service is located."
8.7.0,true,cloud,cloud.target.instance.id,keyword,extended,,i-1234567890abcdef0,Instance ID of the host machine.
8.7.0,true,cloud,cloud.target.instance.name,keyword,extended,,,Instance name of the host machine.
8.7.0,true,cloud,cloud.target.machine.type,keyword,extended,,t2.medium,Machine type of the host machine.
8.7.0,true,cloud,cloud.target.project.id,keyword,extended,,my-project,The cloud project id.
8.7.0,true,cloud,cloud.target.project.name,keyword,extended,,my project,The cloud project name.
8.7.0,true,cloud,cloud.target.provider,keyword,extended,,aws,Name of the cloud provider.
8.7.0,true,cloud,cloud.target.region,keyword,extended,,us-east-1,"Region in which this host, resource, or service is located."
8.7.0,true,cloud,cloud.target.service.name,keyword,extended,,lambda,The cloud service name.
8.7.0,true,container,container.cpu.usage,scaled_float,extended,,,"Percent CPU used, between 0 and 1."
8.7.0,true,container,container.disk.read.bytes,long,extended,,,The number of bytes read by all disks.
8.7.0,true,container,container.disk.write.bytes,long,extended,,,The number of bytes written on all disks.
8.7.0,true,container,container.id,keyword,core,,,Unique container id.
8.7.0,true,container,container.image.hash.all,keyword,extended,array,[sha256:f8fefc80e3273dc756f288a63945820d6476ad64883892c771b5e2ece6bf1b26],An array of digests of the image the container was built on.
8.7.0,true,container,container.image.name,keyword,extended,,,Name of the image the container was built on.
8.7.0,true,container,container.image.tag,keyword,extended,array,,Container image tags.
8.7.0,true,container,container.labels,object,extended,,,Image labels.
8.7.0,true,container,container.log.tag,keyword,extended,,,User defined tag of a container. Originates from the Docker journald logging driver.
8.7.0,true,container,container.memory.usage,scaled_float,extended,,,"Percent memory used, between 0 and 1."
8.7.0,true,container,container.name,keyword,extended,,,Container name.
8.7.0,true,container,container.network.egress.bytes,long,extended,,,The number of bytes sent on all network interfaces.
8.7.0,true,container,container.network.ingress.bytes,long,extended,,,The number of bytes received on all network interfaces.
8.7.0,true,container,container.runtime,keyword,extended,,docker,Runtime managing this container.
8.7.0,true,data_stream,data_stream.dataset,constant_keyword,extended,,nginx.access,The field can contain anything that makes sense to signify the source of the data.
8.7.0,true,data_stream,data_stream.namespace,constant_keyword,extended,,production,A user defined namespace. Namespaces are useful to allow grouping of data.
8.7.0,true,data_stream,data_stream.type,constant_keyword,extended,,logs,An overarching type for the data stream.
8.7.0,true,destination,destination.address,keyword,extended,,,Destination network address.
8.7.0,true,destination,destination.as.number,long,extended,,15169,Unique number allocated to the autonomous system.
8.7.0,true,destination,destination.as.organization.name,keyword,extended,,Google LLC,Organization name.
8.7.0,true,destination,destination.as.organization.name.text,match_only_text,extended,,Google LLC,Organization name.
8.7.0,true,destination,destination.bytes,long,core,,184,Bytes sent from the destination to the source.
8.7.0,true,destination,destination.domain,keyword,core,,foo.example.com,The domain name of the destination.
8.7.0,true,destination,destination.domain.text,text,core,,foo.example.com,The domain name of the destination.
8.7.0,true,destination,destination.geo.city_name,keyword,core,,Montreal,City name.
8.7.0,true,destination,destination.geo.continent_code,keyword,core,,NA,Continent code.
8.7.0,true,destination,destination.geo.continent_name,keyword,core,,North America,Name of the continent.
8.7.0,true,destination,destination.geo.country_iso_code,keyword,core,,CA,Country ISO code.
8.7.0,true,destination,destination.geo.country_name,keyword,core,,Canada,Country name.
8.7.0,true,destination,destination.geo.location,geo_point,core,,"{ ""lon"": -73.614830, ""lat"": 45.505918 }",Longitude and latitude.
8.7.0,true,destination,destination.geo.name,keyword,extended,,boston-dc,User-defined description of a location.
8.7.0,true,destination,destination.geo.postal_code,keyword,core,,94040,Postal code.
8.7.0,true,destination,destination.geo.region_iso_code,keyword,core,,CA-QC,Region ISO code.
8.7.0,true,destination,destination.geo.region_name,keyword,core,,Quebec,Region name.
8.7.0,true,destination,destination.geo.timezone,keyword,core,,America/Argentina/Buenos_Aires,Time zone.
8.7.0,true,destination,destination.ip,ip,core,,,IP address of the destination.
8.7.0,true,destination,destination.mac,keyword,core,,00-00-5E-00-53-23,MAC address of the destination.
8.7.0,true,destination,destination.nat.ip,ip,extended,,,Destination NAT ip
8.7.0,true,destination,destination.nat.port,long,extended,,,Destination NAT Port
8.7.0,true,destination,destination.packets,long,core,,12,Packets sent from the destination to the source.
8.7.0,true,destination,destination.port,long,core,,,Port of the destination.
8.7.0,true,destination,destination.registered_domain,keyword,extended,,example.com,"The highest registered destination domain, stripped of the subdomain."
8.7.0,true,destination,destination.subdomain,keyword,extended,,east,The subdomain of the domain.
8.7.0,true,destination,destination.top_level_domain,keyword,extended,,co.uk,"The effective top level domain (com, org, net, co.uk)."
8.7.0,true,destination,destination.user.domain,keyword,extended,,,Name of the directory the user is a member of.
8.7.0,true,destination,destination.user.email,keyword,extended,,,User email address.
8.7.0,true,destination,destination.user.full_name,keyword,extended,,Albert Einstein,"User's full name, if available."
8.7.0,true,destination,destination.user.full_name.text,match_only_text,extended,,Albert Einstein,"User's full name, if available."
8.7.0,true,destination,destination.user.group.domain,keyword,extended,,,Name of the directory the group is a member of.
8.7.0,true,destination,destination.user.group.id,keyword,extended,,,Unique identifier for the group on the system/platform.
8.7.0,true,destination,destination.user.group.name,keyword,extended,,,Name of the group.
8.7.0,true,destination,destination.user.hash,keyword,extended,,,Unique user hash to correlate information for a user in anonymized form.
8.7.0,true,destination,destination.user.id,keyword,core,,S-1-5-21-202424912787-2692429404-2351956786-1000,Unique identifier of the user.
8.7.0,true,destination,destination.user.name,keyword,core,,a.einstein,Short name or login of the user.
8.7.0,true,destination,destination.user.name.text,match_only_text,core,,a.einstein,Short name or login of the user.
8.7.0,true,destination,destination.user.roles,keyword,extended,array,"[""kibana_admin"", ""reporting_user""]",Array of user roles at the time of the event.
8.7.0,true,device,device.id,keyword,extended,,00000000-54b3-e7c7-0000-000046bffd97,The unique identifier of a device.
8.7.0,true,device,device.manufacturer,keyword,extended,,Samsung,The vendor name of the device manufacturer.
8.7.0,true,device,device.model.identifier,keyword,extended,,SM-G920F,The machine readable identifier of the device model.
8.7.0,true,device,device.model.name,keyword,extended,,Samsung Galaxy S6,The human readable marketing name of the device model.
8.7.0,true,dll,dll.code_signature.digest_algorithm,keyword,extended,,sha256,Hashing algorithm used to sign the process.
8.7.0,true,dll,dll.code_signature.exists,boolean,core,,true,Boolean to capture if a signature is present.
8.7.0,true,dll,dll.code_signature.signing_id,keyword,extended,,com.apple.xpc.proxy,The identifier used to sign the process.
8.7.0,true,dll,dll.code_signature.status,keyword,extended,,ERROR_UNTRUSTED_ROOT,Additional information about the certificate status.
8.7.0,true,dll,dll.code_signature.subject_name,keyword,core,,Microsoft Corporation,Subject name of the code signer
8.7.0,true,dll,dll.code_signature.team_id,keyword,extended,,EQHXZ8M8AV,The team identifier used to sign the process.
8.7.0,true,dll,dll.code_signature.timestamp,date,extended,,2021-01-01T12:10:30Z,When the signature was generated and signed.
8.7.0,true,dll,dll.code_signature.trusted,boolean,extended,,true,Stores the trust status of the certificate chain.
8.7.0,true,dll,dll.code_signature.valid,boolean,extended,,true,Boolean to capture if the digital signature is verified against the binary content.
8.7.0,true,dll,dll.hash.md5,keyword,extended,,,MD5 hash.
8.7.0,true,dll,dll.hash.sha1,keyword,extended,,,SHA1 hash.
8.7.0,true,dll,dll.hash.sha256,keyword,extended,,,SHA256 hash.
8.7.0,true,dll,dll.hash.sha384,keyword,extended,,,SHA384 hash.
8.7.0,true,dll,dll.hash.sha512,keyword,extended,,,SHA512 hash.
8.7.0,true,dll,dll.hash.ssdeep,keyword,extended,,,SSDEEP hash.
8.7.0,true,dll,dll.hash.tlsh,keyword,extended,,,TLSH hash.
8.7.0,true,dll,dll.name,keyword,core,,kernel32.dll,Name of the library.
8.7.0,true,dll,dll.path,keyword,extended,,C:\Windows\System32\kernel32.dll,Full file path of the library.
8.7.0,true,dll,dll.pe.architecture,keyword,extended,,x64,CPU architecture target for the file.
8.7.0,true,dll,dll.pe.company,keyword,extended,,Microsoft Corporation,"Internal company name of the file, provided at compile-time."
8.7.0,true,dll,dll.pe.description,keyword,extended,,Paint,"Internal description of the file, provided at compile-time."
8.7.0,true,dll,dll.pe.file_version,keyword,extended,,6.3.9600.17415,Process name.
8.7.0,true,dll,dll.pe.go_import_hash,keyword,extended,,10bddcb4cee42080f76c88d9ff964491,A hash of the Go language imports in a PE file.
8.7.0,true,dll,dll.pe.go_imports,flattened,extended,,,List of imported Go language element names and types.
8.7.0,true,dll,dll.pe.go_imports_names_entropy,long,extended,,,Shannon entropy calculation from the list of Go imports.
8.7.0,true,dll,dll.pe.go_imports_names_var_entropy,long,extended,,,Variance for Shannon entropy calculation from the list of Go imports.
8.7.0,true,dll,dll.pe.go_stripped,boolean,extended,,,Whether the file is a stripped or obfuscated Go executable.
8.7.0,true,dll,dll.pe.imphash,keyword,extended,,0c6803c4e922103c4dca5963aad36ddf,A hash of the imports in a PE file.
8.7.0,true,dll,dll.pe.import_hash,keyword,extended,,d41d8cd98f00b204e9800998ecf8427e,A hash of the imports in a PE file.
8.7.0,true,dll,dll.pe.imports,flattened,extended,array,,List of imported element names and types.
8.7.0,true,dll,dll.pe.imports_names_entropy,long,extended,,,Shannon entropy calculation from the list of imported element names and types.
8.7.0,true,dll,dll.pe.imports_names_var_entropy,long,extended,,,Variance for Shannon entropy calculation from the list of imported element names and types.
8.7.0,true,dll,dll.pe.original_file_name,keyword,extended,,MSPAINT.EXE,"Internal name of the file, provided at compile-time."
8.7.0,true,dll,dll.pe.pehash,keyword,extended,,73ff189b63cd6be375a7ff25179a38d347651975,A hash of the PE header and data from one or more PE sections.
8.7.0,true,dll,dll.pe.product,keyword,extended,,Microsoft® Windows® Operating System,"Internal product name of the file, provided at compile-time."
8.7.0,true,dll,dll.pe.sections,nested,extended,array,,Section information of the PE file.
8.7.0,true,dll,dll.pe.sections.entropy,long,extended,,,Shannon entropy calculation from the section.
8.7.0,true,dll,dll.pe.sections.name,keyword,extended,,,PE Section List name.
8.7.0,true,dll,dll.pe.sections.physical_size,long,extended,,,PE Section List physical size.
8.7.0,true,dll,dll.pe.sections.var_entropy,long,extended,,,Variance for Shannon entropy calculation from the section.
8.7.0,true,dll,dll.pe.sections.virtual_size,long,extended,,,PE Section List virtual size. This is always the same as `physical_size`.
8.7.0,true,dns,dns.answers,object,extended,array,,Array of DNS answers.
8.7.0,true,dns,dns.answers.class,keyword,extended,,IN,The class of DNS data contained in this resource record.
8.7.0,true,dns,dns.answers.data,keyword,extended,,10.10.10.10,The data describing the resource.
8.7.0,true,dns,dns.answers.name,keyword,extended,,www.example.com,The domain name to which this resource record pertains.
8.7.0,true,dns,dns.answers.ttl,long,extended,,180,The time interval in seconds that this resource record may be cached before it should be discarded.
8.7.0,true,dns,dns.answers.type,keyword,extended,,CNAME,The type of data contained in this resource record.
8.7.0,true,dns,dns.header_flags,keyword,extended,array,"[""RD"", ""RA""]",Array of DNS header flags.
8.7.0,true,dns,dns.id,keyword,extended,,62111,The DNS packet identifier assigned by the program that generated the query. The identifier is copied to the response.
8.7.0,true,dns,dns.op_code,keyword,extended,,QUERY,The DNS operation code that specifies the kind of query in the message.
8.7.0,true,dns,dns.question.class,keyword,extended,,IN,The class of records being queried.
8.7.0,true,dns,dns.question.name,keyword,extended,,www.example.com,The name being queried.
8.7.0,true,dns,dns.question.registered_domain,keyword,extended,,example.com,"The highest registered domain, stripped of the subdomain."
8.7.0,true,dns,dns.question.subdomain,keyword,extended,,www,The subdomain of the domain.
8.7.0,true,dns,dns.question.top_level_domain,keyword,extended,,co.uk,"The effective top level domain (com, org, net, co.uk)."
8.7.0,true,dns,dns.question.type,keyword,extended,,AAAA,The type of record being queried.
8.7.0,true,dns,dns.resolved_ip,ip,extended,array,"[""10.10.10.10"", ""10.10.10.11""]",Array containing all IPs seen in answers.data
8.7.0,true,dns,dns.response_code,keyword,extended,,NOERROR,The DNS response code.
8.7.0,true,dns,dns.type,keyword,extended,,answer,"The type of DNS event captured, query or answer."
8.7.0,true,ecs,ecs.version,keyword,core,,1.0.0,ECS version this event conforms to.
8.7.0,true,email,email.attachments,nested,extended,array,,List of objects describing the attachments.
8.7.0,true,email,email.attachments.file.extension,keyword,extended,,txt,Attachment file extension.
8.7.0,true,email,email.attachments.file.hash.md5,keyword,extended,,,MD5 hash.
8.7.0,true,email,email.attachments.file.hash.sha1,keyword,extended,,,SHA1 hash.
8.7.0,true,email,email.attachments.file.hash.sha256,keyword,extended,,,SHA256 hash.
8.7.0,true,email,email.attachments.file.hash.sha384,keyword,extended,,,SHA384 hash.
8.7.0,true,email,email.attachments.file.hash.sha512,keyword,extended,,,SHA512 hash.
8.7.0,true,email,email.attachments.file.hash.ssdeep,keyword,extended,,,SSDEEP hash.
8.7.0,true,email,email.attachments.file.hash.tlsh,keyword,extended,,,TLSH hash.
8.7.0,true,email,email.attachments.file.mime_type,keyword,extended,,text/plain,MIME type of the attachment file.
8.7.0,true,email,email.attachments.file.name,keyword,extended,,attachment.txt,Name of the attachment file.
8.7.0,true,email,email.attachments.file.size,long,extended,,64329,Attachment file size.
8.7.0,true,email,email.bcc.address,keyword,extended,array,bcc.user1@example.com,Email address of BCC recipient
8.7.0,true,email,email.cc.address,keyword,extended,array,cc.user1@example.com,Email address of CC recipient
8.7.0,true,email,email.content_type,keyword,extended,,text/plain,MIME type of the email message.
8.7.0,true,email,email.delivery_timestamp,date,extended,,2020-11-10T22:12:34.8196921Z,Date and time when message was delivered.
8.7.0,true,email,email.direction,keyword,extended,,inbound,Direction of the message.
8.7.0,true,email,email.from.address,keyword,extended,array,sender@example.com,The sender's email address.
8.7.0,true,email,email.local_id,keyword,extended,,c26dbea0-80d5-463b-b93c-4e8b708219ce,Unique identifier given by the source.
8.7.0,true,email,email.message_id,wildcard,extended,,81ce15$8r2j59@mail01.example.com,Value from the Message-ID header.
8.7.0,true,email,email.origination_timestamp,date,extended,,2020-11-10T22:12:34.8196921Z,Date and time the email was composed.
8.7.0,true,email,email.reply_to.address,keyword,extended,array,reply.here@example.com,Address replies should be delivered to.
8.7.0,true,email,email.sender.address,keyword,extended,,,Address of the message sender.
8.7.0,true,email,email.subject,keyword,extended,,Please see this important message.,The subject of the email message.
8.7.0,true,email,email.subject.text,match_only_text,extended,,Please see this important message.,The subject of the email message.
8.7.0,true,email,email.to.address,keyword,extended,array,user1@example.com,Email address of recipient
8.7.0,true,email,email.x_mailer,keyword,extended,,Spambot v2.5,Application that drafted email.
8.7.0,true,error,error.code,keyword,core,,,Error code describing the error.
8.7.0,true,error,error.id,keyword,core,,,Unique identifier for the error.
8.7.0,true,error,error.message,match_only_text,core,,,Error message.
8.7.0,true,error,error.stack_trace,wildcard,extended,,,The stack trace of this error in plain text.
8.7.0,true,error,error.stack_trace.text,match_only_text,extended,,,The stack trace of this error in plain text.
8.7.0,true,error,error.type,keyword,extended,,java.lang.NullPointerException,"The type of the error, for example the class name of the exception."
8.7.0,true,event,event.action,keyword,core,,user-password-change,The action captured by the event.
8.7.0,true,event,event.agent_id_status,keyword,extended,,verified,Validation status of the event's agent.id field.
8.7.0,true,event,event.application,keyword,extended,,,The application generating the event
8.7.0,true,event,event.category,keyword,core,array,authentication,Event category. The second categorization field in the hierarchy.
8.7.0,true,event,event.code,keyword,extended,,4648,Identification code for this event.
8.7.0,true,event,event.created,date,core,,2016-05-23T08:05:34.857Z,Time when the event was first read by an agent or by your pipeline.
8.7.0,true,event,event.dataset,keyword,core,,apache.access,Name of the dataset.
8.7.0,true,event,event.duration,long,core,,,Duration of the event in nanoseconds.
8.7.0,true,event,event.end,date,extended,,,event.end contains the date when the event ended or when the activity was last observed.
8.7.0,true,event,event.hash,keyword,extended,,123456789012345678901234567890ABCD,Hash (perhaps logstash fingerprint) of raw field to be able to demonstrate log integrity.
8.7.0,true,event,event.id,keyword,core,,8a4f500d,Unique ID to describe the event.
8.7.0,true,event,event.ingested,date,core,,2016-05-23T08:05:35.101Z,Timestamp when an event arrived in the central data store.
8.7.0,true,event,event.kind,keyword,core,,alert,The kind of the event. The highest categorization field in the hierarchy.
8.7.0,true,event,event.module,keyword,core,,apache,Name of the module this data is coming from.
8.7.0,false,event,event.original,keyword,core,,Sep 19 08:26:10 host CEF:0&#124;Security&#124; threatmanager&#124;1.0&#124;100&#124; worm successfully stopped&#124;10&#124;src=10.0.0.1 dst=2.1.2.2spt=1232,Raw text message of entire event.
8.7.0,true,event,event.outcome,keyword,core,,success,The outcome of the event. The lowest level categorization field in the hierarchy.
8.7.0,true,event,event.provider,keyword,extended,,kernel,Source of the event.
8.7.0,true,event,event.reason,keyword,extended,,Terminated an unexpected process,"Reason why this event happened, according to the source"
8.7.0,true,event,event.reference,keyword,extended,,https://system.example.com/event/#0001234,Event reference URL
8.7.0,true,event,event.risk_score,float,core,,,Risk score or priority of the event (e.g. security solutions). Use your system's original value here.
8.7.0,true,event,event.risk_score_norm,float,extended,,,Normalized risk score or priority of the event (0-100).
8.7.0,true,event,event.sequence,long,extended,,,Sequence number of the event.
8.7.0,true,event,event.severity,long,core,,7,Numeric severity of the event.
8.7.0,true,event,event.start,date,extended,,,event.start contains the date when the event started or when the activity was first observed.
8.7.0,true,event,event.timezone,keyword,extended,,,Event time zone.
8.7.0,true,event,event.type,keyword,core,array,,Event type. The third categorization field in the hierarchy.
8.7.0,true,event,event.url,keyword,extended,,https://mysystem.example.com/alert/5271dedb-f5b0-4218-87f0-4ac4870a38fe,Event investigation URL
8.7.0,true,faas,faas.coldstart,boolean,extended,,,Boolean value indicating a cold start of a function.
8.7.0,true,faas,faas.execution,keyword,extended,,af9d5aa4-a685-4c5f-a22b-444f80b3cc28,The execution ID of the current function execution.
8.7.0,true,faas,faas.id,keyword,extended,,arn:aws:lambda:us-west-2:123456789012:function:my-function,The unique identifier of a serverless function.
8.7.0,true,faas,faas.name,keyword,extended,,my-function,The name of a serverless function.
8.7.0,true,faas,faas.trigger,nested,extended,,,Details about the function trigger.
8.7.0,true,faas,faas.trigger.request_id,keyword,extended,,123456789,"The ID of the trigger request , message, event, etc."
8.7.0,true,faas,faas.trigger.type,keyword,extended,,http,The trigger for the function execution.
8.7.0,true,faas,faas.version,keyword,extended,,123,The version of a serverless function.
8.7.0,true,file,file.accessed,date,extended,,,Last time the file was accessed.
8.7.0,true,file,file.attributes,keyword,extended,array,"[""readonly"", ""system""]",Array of file attributes.
8.7.0,true,file,file.code_signature.digest_algorithm,keyword,extended,,sha256,Hashing algorithm used to sign the process.
8.7.0,true,file,file.code_signature.exists,boolean,core,,true,Boolean to capture if a signature is present.
8.7.0,true,file,file.code_signature.signing_id,keyword,extended,,com.apple.xpc.proxy,The identifier used to sign the process.
8.7.0,true,file,file.code_signature.status,keyword,extended,,ERROR_UNTRUSTED_ROOT,Additional information about the certificate status.
8.7.0,true,file,file.code_signature.subject_name,keyword,core,,Microsoft Corporation,Subject name of the code signer
8.7.0,true,file,file.code_signature.team_id,keyword,extended,,EQHXZ8M8AV,The team identifier used to sign the process.
8.7.0,true,file,file.code_signature.timestamp,date,extended,,2021-01-01T12:10:30Z,When the signature was generated and signed.
8.7.0,true,file,file.code_signature.trusted,boolean,extended,,true,Stores the trust status of the certificate chain.
8.7.0,true,file,file.code_signature.valid,boolean,extended,,true,Boolean to capture if the digital signature is verified against the binary content.
8.7.0,true,file,file.created,date,extended,,,File creation time.
8.7.0,true,file,file.ctime,date,extended,,,Last time the file attributes or metadata changed.
8.7.0,true,file,file.device,keyword,extended,,sda,Device that is the source of the file.
8.7.0,true,file,file.directory,keyword,extended,,/home/alice,Directory where the file is located.
8.7.0,true,file,file.drive_letter,keyword,extended,,C,Drive letter where the file is located.
8.7.0,true,file,file.elf.architecture,keyword,extended,,x86-64,Machine architecture of the ELF file.
8.7.0,true,file,file.elf.byte_order,keyword,extended,,Little Endian,Byte sequence of ELF file.
8.7.0,true,file,file.elf.cpu_type,keyword,extended,,Intel,CPU type of the ELF file.
8.7.0,true,file,file.elf.creation_date,date,extended,,,Build or compile date.
8.7.0,true,file,file.elf.exports,flattened,extended,array,,List of exported element names and types.
8.7.0,true,file,file.elf.go_import_hash,keyword,extended,,10bddcb4cee42080f76c88d9ff964491,A hash of the Go language imports in an ELF file.
8.7.0,true,file,file.elf.go_imports,flattened,extended,,,List of imported Go language element names and types.
8.7.0,true,file,file.elf.go_imports_names_entropy,long,extended,,,Shannon entropy calculation from the list of Go imports.
8.7.0,true,file,file.elf.go_imports_names_var_entropy,long,extended,,,Variance for Shannon entropy calculation from the list of Go imports.
8.7.0,true,file,file.elf.go_stripped,boolean,extended,,,Whether the file is a stripped or obfuscated Go executable.
8.7.0,true,file,file.elf.header.abi_version,keyword,extended,,,Version of the ELF Application Binary Interface (ABI).
8.7.0,true,file,file.elf.header.class,keyword,extended,,,Header class of the ELF file.
8.7.0,true,file,file.elf.header.data,keyword,extended,,,Data table of the ELF header.
8.7.0,true,file,file.elf.header.entrypoint,long,extended,,,Header entrypoint of the ELF file.
8.7.0,true,file,file.elf.header.object_version,keyword,extended,,,"""0x1"" for original ELF files."
8.7.0,true,file,file.elf.header.os_abi,keyword,extended,,,Application Binary Interface (ABI) of the Linux OS.
8.7.0,true,file,file.elf.header.type,keyword,extended,,,Header type of the ELF file.
8.7.0,true,file,file.elf.header.version,keyword,extended,,,Version of the ELF header.
8.7.0,true,file,file.elf.import_hash,keyword,extended,,d41d8cd98f00b204e9800998ecf8427e,A hash of the imports in an ELF file.
8.7.0,true,file,file.elf.imports,flattened,extended,array,,List of imported element names and types.
8.7.0,true,file,file.elf.imports_names_entropy,long,extended,,,Shannon entropy calculation from the list of imported element names and types.
8.7.0,true,file,file.elf.imports_names_var_entropy,long,extended,,,Variance for Shannon entropy calculation from the list of imported element names and types.
8.7.0,true,file,file.elf.sections,nested,extended,array,,Section information of the ELF file.
8.7.0,true,file,file.elf.sections.chi2,long,extended,,,Chi-square probability distribution of the section.
8.7.0,true,file,file.elf.sections.entropy,long,extended,,,Shannon entropy calculation from the section.
8.7.0,true,file,file.elf.sections.flags,keyword,extended,,,ELF Section List flags.
8.7.0,true,file,file.elf.sections.name,keyword,extended,,,ELF Section List name.
8.7.0,true,file,file.elf.sections.physical_offset,keyword,extended,,,ELF Section List offset.
8.7.0,true,file,file.elf.sections.physical_size,long,extended,,,ELF Section List physical size.
8.7.0,true,file,file.elf.sections.type,keyword,extended,,,ELF Section List type.
8.7.0,true,file,file.elf.sections.var_entropy,long,extended,,,Variance for Shannon entropy calculation from the section.
8.7.0,true,file,file.elf.sections.virtual_address,long,extended,,,ELF Section List virtual address.
8.7.0,true,file,file.elf.sections.virtual_size,long,extended,,,ELF Section List virtual size.
8.7.0,true,file,file.elf.segments,nested,extended,array,,ELF object segment list.
8.7.0,true,file,file.elf.segments.sections,keyword,extended,,,ELF object segment sections.
8.7.0,true,file,file.elf.segments.type,keyword,extended,,,ELF object segment type.
8.7.0,true,file,file.elf.shared_libraries,keyword,extended,array,,List of shared libraries used by this ELF object.
8.7.0,true,file,file.elf.telfhash,keyword,extended,,,telfhash hash for ELF file.
8.7.0,true,file,file.extension,keyword,extended,,png,"File extension, excluding the leading dot."
8.7.0,true,file,file.fork_name,keyword,extended,,Zone.Identifer,A fork is additional data associated with a filesystem object.
8.7.0,true,file,file.gid,keyword,extended,,1001,Primary group ID (GID) of the file.
8.7.0,true,file,file.group,keyword,extended,,alice,Primary group name of the file.
8.7.0,true,file,file.hash.md5,keyword,extended,,,MD5 hash.
8.7.0,true,file,file.hash.sha1,keyword,extended,,,SHA1 hash.
8.7.0,true,file,file.hash.sha256,keyword,extended,,,SHA256 hash.
8.7.0,true,file,file.hash.sha384,keyword,extended,,,SHA384 hash.
8.7.0,true,file,file.hash.sha512,keyword,extended,,,SHA512 hash.
8.7.0,true,file,file.hash.ssdeep,keyword,extended,,,SSDEEP hash.
8.7.0,true,file,file.hash.tlsh,keyword,extended,,,TLSH hash.
8.7.0,true,file,file.inode,keyword,extended,,256383,Inode representing the file in the filesystem.
8.7.0,true,file,file.macho.go_import_hash,keyword,extended,,10bddcb4cee42080f76c88d9ff964491,A hash of the Go language imports in a Mach-O file.
8.7.0,true,file,file.macho.go_imports,flattened,extended,,,List of imported Go language element names and types.
8.7.0,true,file,file.macho.go_imports_names_entropy,long,extended,,,Shannon entropy calculation from the list of Go imports.
8.7.0,true,file,file.macho.go_imports_names_var_entropy,long,extended,,,Variance for Shannon entropy calculation from the list of Go imports.
8.7.0,true,file,file.macho.go_stripped,boolean,extended,,,Whether the file is a stripped or obfuscated Go executable.
8.7.0,true,file,file.macho.import_hash,keyword,extended,,d41d8cd98f00b204e9800998ecf8427e,A hash of the imports in a Mach-O file.
8.7.0,true,file,file.macho.imports,flattened,extended,array,,List of imported element names and types.
8.7.0,true,file,file.macho.imports_names_entropy,long,extended,,,Shannon entropy calculation from the list of imported element names and types.
8.7.0,true,file,file.macho.imports_names_var_entropy,long,extended,,,Variance for Shannon entropy calculation from the list of imported element names and types.
8.7.0,true,file,file.macho.sections,nested,extended,array,,Section information of the Mach-O file.
8.7.0,true,file,file.macho.sections.entropy,long,extended,,,Shannon entropy calculation from the section.
8.7.0,true,file,file.macho.sections.name,keyword,extended,,,Mach-O Section List name.
8.7.0,true,file,file.macho.sections.physical_size,long,extended,,,Mach-O Section List physical size.
8.7.0,true,file,file.macho.sections.var_entropy,long,extended,,,Variance for Shannon entropy calculation from the section.
8.7.0,true,file,file.macho.sections.virtual_size,long,extended,,,Mach-O Section List virtual size. This is always the same as `physical_size`.
8.7.0,true,file,file.macho.symhash,keyword,extended,,d3ccf195b62a9279c3c19af1080497ec,A hash of the imports in a Mach-O file.
8.7.0,true,file,file.mime_type,keyword,extended,,,"Media type of file, document, or arrangement of bytes."
8.7.0,true,file,file.mode,keyword,extended,,0640,Mode of the file in octal representation.
8.7.0,true,file,file.mtime,date,extended,,,Last time the file content was modified.
8.7.0,true,file,file.name,keyword,extended,,example.png,"Name of the file including the extension, without the directory."
8.7.0,true,file,file.offset,long,extended,,,The file offset
8.7.0,true,file,file.owner,keyword,extended,,alice,File owner's username.
8.7.0,true,file,file.path,keyword,extended,,/home/alice/example.png,"Full path to the file, including the file name."
8.7.0,true,file,file.path.text,match_only_text,extended,,/home/alice/example.png,"Full path to the file, including the file name."
8.7.0,true,file,file.pe.architecture,keyword,extended,,x64,CPU architecture target for the file.
8.7.0,true,file,file.pe.company,keyword,extended,,Microsoft Corporation,"Internal company name of the file, provided at compile-time."
8.7.0,true,file,file.pe.description,keyword,extended,,Paint,"Internal description of the file, provided at compile-time."
8.7.0,true,file,file.pe.file_version,keyword,extended,,6.3.9600.17415,Process name.
8.7.0,true,file,file.pe.go_import_hash,keyword,extended,,10bddcb4cee42080f76c88d9ff964491,A hash of the Go language imports in a PE file.
8.7.0,true,file,file.pe.go_imports,flattened,extended,,,List of imported Go language element names and types.
8.7.0,true,file,file.pe.go_imports_names_entropy,long,extended,,,Shannon entropy calculation from the list of Go imports.
8.7.0,true,file,file.pe.go_imports_names_var_entropy,long,extended,,,Variance for Shannon entropy calculation from the list of Go imports.
8.7.0,true,file,file.pe.go_stripped,boolean,extended,,,Whether the file is a stripped or obfuscated Go executable.
8.7.0,true,file,file.pe.imphash,keyword,extended,,0c6803c4e922103c4dca5963aad36ddf,A hash of the imports in a PE file.
8.7.0,true,file,file.pe.import_hash,keyword,extended,,d41d8cd98f00b204e9800998ecf8427e,A hash of the imports in a PE file.
8.7.0,true,file,file.pe.imports,flattened,extended,array,,List of imported element names and types.
8.7.0,true,file,file.pe.imports_names_entropy,long,extended,,,Shannon entropy calculation from the list of imported element names and types.
8.7.0,true,file,file.pe.imports_names_var_entropy,long,extended,,,Variance for Shannon entropy calculation from the list of imported element names and types.
8.7.0,true,file,file.pe.original_file_name,keyword,extended,,MSPAINT.EXE,"Internal name of the file, provided at compile-time."
8.7.0,true,file,file.pe.pehash,keyword,extended,,73ff189b63cd6be375a7ff25179a38d347651975,A hash of the PE header and data from one or more PE sections.
8.7.0,true,file,file.pe.product,keyword,extended,,Microsoft® Windows® Operating System,"Internal product name of the file, provided at compile-time."
8.7.0,true,file,file.pe.sections,nested,extended,array,,Section information of the PE file.
8.7.0,true,file,file.pe.sections.entropy,long,extended,,,Shannon entropy calculation from the section.
8.7.0,true,file,file.pe.sections.name,keyword,extended,,,PE Section List name.
8.7.0,true,file,file.pe.sections.physical_size,long,extended,,,PE Section List physical size.
8.7.0,true,file,file.pe.sections.var_entropy,long,extended,,,Variance for Shannon entropy calculation from the section.
8.7.0,true,file,file.pe.sections.virtual_size,long,extended,,,PE Section List virtual size. This is always the same as `physical_size`.
8.7.0,true,file,file.size,long,extended,,16384,File size in bytes.
8.7.0,true,file,file.target_path,keyword,extended,,,Target path for symlinks.
8.7.0,true,file,file.target_path.text,match_only_text,extended,,,Target path for symlinks.
8.7.0,true,file,file.type,keyword,extended,,file,"File type (file, dir, or symlink)."
8.7.0,true,file,file.uid,keyword,extended,,1001,The user ID (UID) or security identifier (SID) of the file owner.
8.7.0,true,file,file.x509.alternative_names,keyword,extended,array,*.elastic.co,List of subject alternative names (SAN).
8.7.0,true,file,file.x509.issuer.common_name,keyword,extended,array,Example SHA2 High Assurance Server CA,List of common name (CN) of issuing certificate authority.
8.7.0,true,file,file.x509.issuer.country,keyword,extended,array,US,List of country \(C) codes
8.7.0,true,file,file.x509.issuer.distinguished_name,keyword,extended,,"C=US, O=Example Inc, OU=www.example.com, CN=Example SHA2 High Assurance Server CA",Distinguished name (DN) of issuing certificate authority.
8.7.0,true,file,file.x509.issuer.locality,keyword,extended,array,Mountain View,List of locality names (L)
8.7.0,true,file,file.x509.issuer.organization,keyword,extended,array,Example Inc,List of organizations (O) of issuing certificate authority.
8.7.0,true,file,file.x509.issuer.organizational_unit,keyword,extended,array,www.example.com,List of organizational units (OU) of issuing certificate authority.
8.7.0,true,file,file.x509.issuer.state_or_province,keyword,extended,array,California,"List of state or province names (ST, S, or P)"
8.7.0,true,file,file.x509.not_after,date,extended,,2020-07-16T03:15:39Z,Time at which the certificate is no longer considered valid.
8.7.0,true,file,file.x509.not_before,date,extended,,2019-08-16T01:40:25Z,Time at which the certificate is first considered valid.
8.7.0,true,file,file.x509.public_key_algorithm,keyword,extended,,RSA,Algorithm used to generate the public key.
8.7.0,true,file,file.x509.public_key_curve,keyword,extended,,nistp521,The curve used by the elliptic curve public key algorithm. This is algorithm specific.
8.7.0,false,file,file.x509.public_key_exponent,long,extended,,65537,Exponent used to derive the public key. This is algorithm specific.
8.7.0,true,file,file.x509.public_key_size,long,extended,,2048,The size of the public key space in bits.
8.7.0,true,file,file.x509.serial_number,keyword,extended,,55FBB9C7DEBF09809D12CCAA,Unique serial number issued by the certificate authority.
8.7.0,true,file,file.x509.signature_algorithm,keyword,extended,,SHA256-RSA,Identifier for certificate signature algorithm.
8.7.0,true,file,file.x509.subject.common_name,keyword,extended,array,shared.global.example.net,List of common names (CN) of subject.
8.7.0,true,file,file.x509.subject.country,keyword,extended,array,US,List of country \(C) code
8.7.0,true,file,file.x509.subject.distinguished_name,keyword,extended,,"C=US, ST=California, L=San Francisco, O=Example, Inc., CN=shared.global.example.net",Distinguished name (DN) of the certificate subject entity.
8.7.0,true,file,file.x509.subject.locality,keyword,extended,array,San Francisco,List of locality names (L)
8.7.0,true,file,file.x509.subject.organization,keyword,extended,array,"Example, Inc.",List of organizations (O) of subject.
8.7.0,true,file,file.x509.subject.organizational_unit,keyword,extended,array,,List of organizational units (OU) of subject.
8.7.0,true,file,file.x509.subject.state_or_province,keyword,extended,array,California,"List of state or province names (ST, S, or P)"
8.7.0,true,file,file.x509.version_number,keyword,extended,,3,Version of x509 format.
8.7.0,true,group,group.domain,keyword,extended,,,Name of the directory the group is a member of.
8.7.0,true,group,group.id,keyword,extended,,,Unique identifier for the group on the system/platform.
8.7.0,true,group,group.name,keyword,extended,,,Name of the group.
8.7.0,true,grouper,grouper.group,keyword,extended,,,group
8.7.0,true,grouper,grouper.list,keyword,extended,,,group list
8.7.0,true,grouper,grouper.priv,keyword,extended,,,privleges
8.7.0,true,grouper,grouper.stem,keyword,extended,,,stem
8.7.0,true,grouper,grouper.subject,keyword,extended,,,subject
8.7.0,true,hashicorp_vault,hashicorp_vault.audit.auth.accessor,keyword,extended,,,
8.7.0,true,hashicorp_vault,hashicorp_vault.audit.auth.client_token,keyword,extended,,,
8.7.0,true,hashicorp_vault,hashicorp_vault.audit.auth.display_name,keyword,extended,,,
8.7.0,true,hashicorp_vault,hashicorp_vault.audit.auth.entity_id,keyword,extended,,,
8.7.0,true,hashicorp_vault,hashicorp_vault.audit.auth.external_namespace_policies,flattened,extended,,,
8.7.0,true,hashicorp_vault,hashicorp_vault.audit.auth.identity_policies,keyword,extended,,,
8.7.0,true,hashicorp_vault,hashicorp_vault.audit.auth.metadata,flattened,extended,,,
8.7.0,true,hashicorp_vault,hashicorp_vault.audit.auth.no_default_policy,boolean,extended,,,
8.7.0,true,hashicorp_vault,hashicorp_vault.audit.auth.policies,keyword,extended,,,
8.7.0,true,hashicorp_vault,hashicorp_vault.audit.auth.policy_results.allowed,boolean,extended,,,
8.7.0,true,hashicorp_vault,hashicorp_vault.audit.auth.policy_results.granting_policies.name,keyword,extended,,,
8.7.0,true,hashicorp_vault,hashicorp_vault.audit.auth.policy_results.granting_policies.namespace_id,keyword,extended,,,
8.7.0,true,hashicorp_vault,hashicorp_vault.audit.auth.policy_results.granting_policies.type,keyword,extended,,,
8.7.0,true,hashicorp_vault,hashicorp_vault.audit.auth.remaining_uses,long,extended,,,
8.7.0,true,hashicorp_vault,hashicorp_vault.audit.auth.token_issue_time,date,extended,,,
8.7.0,true,hashicorp_vault,hashicorp_vault.audit.auth.token_policies,keyword,extended,,,
8.7.0,true,hashicorp_vault,hashicorp_vault.audit.auth.token_ttl,long,extended,,,
8.7.0,true,hashicorp_vault,hashicorp_vault.audit.auth.token_type,keyword,extended,,,
8.7.0,true,hashicorp_vault,hashicorp_vault.audit.entity_created,boolean,extended,,,
8.7.0,true,hashicorp_vault,hashicorp_vault.audit.error,keyword,extended,,,
8.7.0,true,hashicorp_vault,hashicorp_vault.audit.request.client_certificate_serial_number,keyword,extended,,,
8.7.0,true,hashicorp_vault,hashicorp_vault.audit.request.client_id,keyword,extended,,,
8.7.0,true,hashicorp_vault,hashicorp_vault.audit.request.client_token,keyword,extended,,,
8.7.0,true,hashicorp_vault,hashicorp_vault.audit.request.client_token_accessor,keyword,extended,,,
8.7.0,true,hashicorp_vault,hashicorp_vault.audit.request.data,flattened,extended,,,
8.7.0,true,hashicorp_vault,hashicorp_vault.audit.request.headers,flattened,extended,,,
8.7.0,true,hashicorp_vault,hashicorp_vault.audit.request.id,keyword,extended,,,
8.7.0,true,hashicorp_vault,hashicorp_vault.audit.request.mount_accessor,keyword,extended,,,
8.7.0,true,hashicorp_vault,hashicorp_vault.audit.request.mount_type,keyword,extended,,,
8.7.0,true,hashicorp_vault,hashicorp_vault.audit.request.namespace.id,keyword,extended,,,
8.7.0,true,hashicorp_vault,hashicorp_vault.audit.request.namespace.path,keyword,extended,,,
8.7.0,true,hashicorp_vault,hashicorp_vault.audit.request.operation,keyword,extended,,,
8.7.0,true,hashicorp_vault,hashicorp_vault.audit.request.path,keyword,extended,,,
8.7.0,true,hashicorp_vault,hashicorp_vault.audit.request.path.text,text,extended,,,
8.7.0,true,hashicorp_vault,hashicorp_vault.audit.request.policy_override,boolean,extended,,,
8.7.0,true,hashicorp_vault,hashicorp_vault.audit.request.remote_address,ip,extended,,,
8.7.0,true,hashicorp_vault,hashicorp_vault.audit.request.remote_port,long,extended,,,
8.7.0,true,hashicorp_vault,hashicorp_vault.audit.request.replication_cluster,keyword,extended,,,
8.7.0,true,hashicorp_vault,hashicorp_vault.audit.request.wrap_ttl,long,extended,,,
8.7.0,true,hashicorp_vault,hashicorp_vault.audit.response.auth.accessor,keyword,extended,,,
8.7.0,true,hashicorp_vault,hashicorp_vault.audit.response.auth.client_token,keyword,extended,,,
8.7.0,true,hashicorp_vault,hashicorp_vault.audit.response.auth.display_name,keyword,extended,,,
8.7.0,true,hashicorp_vault,hashicorp_vault.audit.response.auth.entity_id,keyword,extended,,,
8.7.0,true,hashicorp_vault,hashicorp_vault.audit.response.auth.external_namespace_policies,flattened,extended,,,
8.7.0,true,hashicorp_vault,hashicorp_vault.audit.response.auth.identity_policies,keyword,extended,,,
8.7.0,true,hashicorp_vault,hashicorp_vault.audit.response.auth.metadata,flattened,extended,,,
8.7.0,true,hashicorp_vault,hashicorp_vault.audit.response.auth.no_default_policy,boolean,extended,,,
8.7.0,true,hashicorp_vault,hashicorp_vault.audit.response.auth.num_uses,long,extended,,,
8.7.0,true,hashicorp_vault,hashicorp_vault.audit.response.auth.policies,keyword,extended,,,
8.7.0,true,hashicorp_vault,hashicorp_vault.audit.response.auth.token_issue_time,date,extended,,,
8.7.0,true,hashicorp_vault,hashicorp_vault.audit.response.auth.token_policies,keyword,extended,,,
8.7.0,true,hashicorp_vault,hashicorp_vault.audit.response.auth.token_ttl,long,extended,,,
8.7.0,true,hashicorp_vault,hashicorp_vault.audit.response.auth.token_type,keyword,extended,,,
8.7.0,true,hashicorp_vault,hashicorp_vault.audit.response.data,flattened,extended,,,
8.7.0,true,hashicorp_vault,hashicorp_vault.audit.response.headers,flattened,extended,,,
8.7.0,true,hashicorp_vault,hashicorp_vault.audit.response.mount_accessor,keyword,extended,,,
8.7.0,true,hashicorp_vault,hashicorp_vault.audit.response.mount_type,keyword,extended,,,
8.7.0,true,hashicorp_vault,hashicorp_vault.audit.response.redirect,keyword,extended,,,
8.7.0,true,hashicorp_vault,hashicorp_vault.audit.response.warnings,keyword,extended,,,
8.7.0,true,hashicorp_vault,hashicorp_vault.audit.response.wrap_info.accessor,keyword,extended,,,
8.7.0,true,hashicorp_vault,hashicorp_vault.audit.response.wrap_info.creation_path,keyword,extended,,,
8.7.0,true,hashicorp_vault,hashicorp_vault.audit.response.wrap_info.creation_time,date,extended,,,
8.7.0,true,hashicorp_vault,hashicorp_vault.audit.response.wrap_info.token,keyword,extended,,,
8.7.0,true,hashicorp_vault,hashicorp_vault.audit.response.wrap_info.ttl,long,extended,,,
8.7.0,true,hashicorp_vault,hashicorp_vault.audit.response.wrap_info.wrapped_accessor,keyword,extended,,,
8.7.0,true,hashicorp_vault,hashicorp_vault.audit.type,keyword,extended,,,
8.7.0,true,host,host.architecture,keyword,core,,x86_64,Operating system architecture.
8.7.0,true,host,host.boot.id,keyword,extended,,88a1f0ed-5ae5-41ee-af6b-41921c311872,Linux boot uuid taken from /proc/sys/kernel/random/boot_id
8.7.0,true,host,host.cpu.usage,scaled_float,extended,,,"Percent CPU used, between 0 and 1."
8.7.0,true,host,host.disk.read.bytes,long,extended,,,The number of bytes read by all disks.
8.7.0,true,host,host.disk.write.bytes,long,extended,,,The number of bytes written on all disks.
8.7.0,true,host,host.domain,keyword,extended,,CONTOSO,Name of the directory the group is a member of.
8.7.0,true,host,host.environment,keyword,extended,,,Host's environment.
8.7.0,true,host,host.geo.city_name,keyword,core,,Montreal,City name.
8.7.0,true,host,host.geo.continent_code,keyword,core,,NA,Continent code.
8.7.0,true,host,host.geo.continent_name,keyword,core,,North America,Name of the continent.
8.7.0,true,host,host.geo.country_iso_code,keyword,core,,CA,Country ISO code.
8.7.0,true,host,host.geo.country_name,keyword,core,,Canada,Country name.
8.7.0,true,host,host.geo.location,geo_point,core,,"{ ""lon"": -73.614830, ""lat"": 45.505918 }",Longitude and latitude.
8.7.0,true,host,host.geo.name,keyword,extended,,boston-dc,User-defined description of a location.
8.7.0,true,host,host.geo.postal_code,keyword,core,,94040,Postal code.
8.7.0,true,host,host.geo.region_iso_code,keyword,core,,CA-QC,Region ISO code.
8.7.0,true,host,host.geo.region_name,keyword,core,,Quebec,Region name.
8.7.0,true,host,host.geo.timezone,keyword,core,,America/Argentina/Buenos_Aires,Time zone.
8.7.0,true,host,host.hostname,keyword,core,,,Hostname of the host.
8.7.0,true,host,host.id,keyword,core,,,Unique host id.
8.7.0,true,host,host.ip,ip,core,array,,Host ip addresses.
8.7.0,true,host,host.mac,keyword,core,array,"[""00-00-5E-00-53-23"", ""00-00-5E-00-53-24""]",Host MAC addresses.
8.7.0,true,host,host.name,keyword,core,,,Name of the host.
8.7.0,true,host,host.network.egress.bytes,long,extended,,,The number of bytes sent on all network interfaces.
8.7.0,true,host,host.network.egress.packets,long,extended,,,The number of packets sent on all network interfaces.
8.7.0,true,host,host.network.ingress.bytes,long,extended,,,The number of bytes received on all network interfaces.
8.7.0,true,host,host.network.ingress.packets,long,extended,,,The number of packets received on all network interfaces.
8.7.0,true,host,host.os.family,keyword,extended,,debian,"OS family (such as redhat, debian, freebsd, windows)."
8.7.0,true,host,host.os.full,keyword,extended,,Mac OS Mojave,"Operating system name, including the version or code name."
8.7.0,true,host,host.os.full.text,match_only_text,extended,,Mac OS Mojave,"Operating system name, including the version or code name."
8.7.0,true,host,host.os.kernel,keyword,extended,,4.4.0-112-generic,Operating system kernel version as a raw string.
8.7.0,true,host,host.os.name,keyword,extended,,Mac OS X,"Operating system name, without the version."
8.7.0,true,host,host.os.name.text,match_only_text,extended,,Mac OS X,"Operating system name, without the version."
8.7.0,true,host,host.os.platform,keyword,extended,,darwin,"Operating system platform (such centos, ubuntu, windows)."
8.7.0,true,host,host.os.type,keyword,extended,,macos,"Which commercial OS family (one of: linux, macos, unix, windows, ios or android)."
8.7.0,true,host,host.os.version,keyword,extended,,10.14.1,Operating system version as a raw string.
8.7.0,true,host,host.pid_ns_ino,keyword,extended,,256383,Pid namespace inode
8.7.0,true,host,host.risk.calculated_level,keyword,extended,,High,A risk classification level calculated by an internal system as part of entity analytics and entity risk scoring.
8.7.0,true,host,host.risk.calculated_score,float,extended,,880.73,A risk classification score calculated by an internal system as part of entity analytics and entity risk scoring.
8.7.0,true,host,host.risk.calculated_score_norm,float,extended,,88.73,A normalized risk score calculated by an internal system.
8.7.0,true,host,host.risk.static_level,keyword,extended,,High,"A risk classification level obtained from outside the system, such as from some external Threat Intelligence Platform."
8.7.0,true,host,host.risk.static_score,float,extended,,830.0,"A risk classification score obtained from outside the system, such as from some external Threat Intelligence Platform."
8.7.0,true,host,host.risk.static_score_norm,float,extended,,83.0,A normalized risk score calculated by an external system.
8.7.0,true,host,host.type,keyword,core,,,Type of host.
8.7.0,true,host,host.uptime,long,extended,,1325,Seconds the host has been up.
8.7.0,true,http,http.request.body.bytes,long,extended,,887,Size in bytes of the request body.
8.7.0,true,http,http.request.body.content,wildcard,extended,,Hello world,The full HTTP request body.
8.7.0,true,http,http.request.body.content.text,match_only_text,extended,,Hello world,The full HTTP request body.
8.7.0,true,http,http.request.bytes,long,extended,,1437,Total size in bytes of the request (body and headers).
8.7.0,true,http,http.request.id,keyword,extended,,123e4567-e89b-12d3-a456-426614174000,HTTP request ID.
8.7.0,true,http,http.request.method,keyword,extended,,POST,HTTP request method.
8.7.0,true,http,http.request.mime_type,keyword,extended,,image/gif,Mime type of the body of the request.
8.7.0,true,http,http.request.referrer,keyword,extended,,https://blog.example.com/,Referrer for this HTTP request.
8.7.0,true,http,http.response.body.bytes,long,extended,,887,Size in bytes of the response body.
8.7.0,true,http,http.response.body.content,wildcard,extended,,Hello world,The full HTTP response body.
8.7.0,true,http,http.response.body.content.text,match_only_text,extended,,Hello world,The full HTTP response body.
8.7.0,true,http,http.response.bytes,long,extended,,1437,Total size in bytes of the response (body and headers).
8.7.0,true,http,http.response.mime_type,keyword,extended,,image/gif,Mime type of the body of the response.
8.7.0,true,http,http.response.status_code,long,extended,,404,HTTP response status code.
8.7.0,true,http,http.version,keyword,extended,,1.1,HTTP version.
8.7.0,true,journald,journald.audit.login_uid,long,extended,,,
8.7.0,true,journald,journald.audit.session,keyword,extended,,,
8.7.0,true,journald,journald.code.file,keyword,extended,,,
8.7.0,true,journald,journald.code.func,keyword,extended,,,
8.7.0,true,journald,journald.code.line,long,extended,,,
8.7.0,true,journald,journald.coredump.unit,keyword,extended,,,
8.7.0,true,journald,journald.coredump.user_unit,keyword,extended,,,
8.7.0,true,journald,journald.custom,flattened,extended,,,
8.7.0,true,journald,journald.gid,long,extended,,,
8.7.0,true,journald,journald.host.boot_id,keyword,extended,,,
8.7.0,true,journald,journald.kernel.device,keyword,extended,,,
8.7.0,true,journald,journald.kernel.device_name,keyword,extended,,,
8.7.0,true,journald,journald.kernel.device_node_path,keyword,extended,,,
8.7.0,true,journald,journald.kernel.device_symlinks,keyword,extended,,,
8.7.0,true,journald,journald.kernel.subsystem,keyword,extended,,,
8.7.0,true,journald,journald.object.audit.login_uid,long,extended,,,
8.7.0,true,journald,journald.object.audit.session,long,extended,,,
8.7.0,true,journald,journald.object.gid,long,extended,,,
8.7.0,true,journald,journald.object.pid,long,extended,,,
8.7.0,true,journald,journald.object.process.command_line,keyword,extended,,,
8.7.0,true,journald,journald.object.process.executable,keyword,extended,,,
8.7.0,true,journald,journald.object.process.name,keyword,extended,,,
8.7.0,true,journald,journald.object.systemd.owner_uid,long,extended,,,
8.7.0,true,journald,journald.object.systemd.session,keyword,extended,,,
8.7.0,true,journald,journald.object.systemd.unit,keyword,extended,,,
8.7.0,true,journald,journald.object.systemd.user_unit,keyword,extended,,,
8.7.0,true,journald,journald.object.uid,long,extended,,,
8.7.0,true,journald,journald.pid,long,extended,,,
8.7.0,true,journald,journald.process.capabilities,keyword,extended,,,
8.7.0,true,journald,journald.process.command_line,keyword,extended,,,
8.7.0,true,journald,journald.process.executable,keyword,extended,,,
8.7.0,true,journald,journald.process.name,keyword,extended,,,
8.7.0,true,journald,journald.uid,long,extended,,,
8.7.0,true,ldap,ldap.attributes,keyword,extended,,,LDAP properties
8.7.0,true,ldap,ldap.base,keyword,extended,,,LDAP Search Base
8.7.0,true,ldap,ldap.category,keyword,extended,,,LDAP DN
8.7.0,true,ldap,ldap.filter,keyword,extended,,,LDAP search filter
8.7.0,true,ldap,ldap.indexed_search,boolean,extended,,,If the search is indexed
8.7.0,true,ldap,ldap.message,keyword,extended,,,LDAP message
8.7.0,true,ldap,ldap.oid,keyword,extended,,,LDAP OID
8.7.0,true,ldap,ldap.operation,keyword,extended,,,LDAP operation
8.7.0,true,ldap,ldap.replication.message.category,keyword,extended,,,Message category from server's operational logs
8.7.0,true,ldap,ldap.replication.message.id,long,extended,,,Message ID from server's operational logs
8.7.0,true,ldap,ldap.replication.message.severity,keyword,extended,,,Message severity from server's operational logs
8.7.0,true,ldap,ldap.request.attrs,keyword,extended,,,LDAP attributes requested by client
8.7.0,true,ldap,ldap.request.authType,keyword,extended,,,"LDAP auth type (e.g. simple, anonymous)"
8.7.0,true,ldap,ldap.request.connection_id,long,extended,,,Unique connection ID per server/request/day
8.7.0,true,ldap,ldap.request.controls,keyword,extended,,,OID of the extended request from the client
8.7.0,true,ldap,ldap.request.delete_old_rdn,keyword,extended,,,Controls retention of old RDN for a modify DN operation (rename)
8.7.0,true,ldap,ldap.request.dn,keyword,extended,,,Bind DN
8.7.0,true,ldap,ldap.request.filter,keyword,extended,,,LDAP search filter
8.7.0,true,ldap,ldap.request.id_to_abandon,long,extended,,,Message ID of the request to abandon from a specific client session
8.7.0,true,ldap,ldap.request.message,keyword,extended,,,Localized request message
8.7.0,true,ldap,ldap.request.msg_id,long,extended,,,Unique message ID per client session
8.7.0,true,ldap,ldap.request.name,keyword,extended,,,Name that corresponds to the request.oid
8.7.0,true,ldap,ldap.request.new_rdn,keyword,extended,,,New value of the RDN for a modify DN operation (rename)
8.7.0,true,ldap,ldap.request.new_sup,keyword,extended,,,New value of the parent for a modify DN operation (move)
8.7.0,true,ldap,ldap.request.oid,keyword,extended,,,Request control OID
8.7.0,true,ldap,ldap.request.op_type,keyword,extended,,,Replication operation (sync)
8.7.0,true,ldap,ldap.request.operation,keyword,extended,,,LDAP operation requested by client
8.7.0,true,ldap,ldap.request.run_as,keyword,extended,,,Authorization ID
8.7.0,true,ldap,ldap.request.scope,keyword,extended,,,Search scope (e.g. sub)
8.7.0,true,ldap,ldap.request.version,keyword,extended,,,Version 2 or 3
8.7.0,true,ldap,ldap.request_controls,keyword,extended,,,LDAP request controls
8.7.0,true,ldap,ldap.response.controls,keyword,extended,,,OID of the extended response from the server
8.7.0,true,ldap,ldap.response.detail,keyword,extended,,,Additional response details
8.7.0,true,ldap,ldap.response.elapsed_time_ms,long,extended,,,Total elapsed time for the operation in milliseconds
8.7.0,true,ldap,ldap.response.failure_reason,keyword,extended,,,Human-readable failure reason
8.7.0,true,ldap,ldap.response.masked_message,keyword,extended,,,"Real, masked result message"
8.7.0,true,ldap,ldap.response.masked_result,keyword,extended,,,"Real, masked result code"
8.7.0,true,ldap,ldap.response.nentries,long,extended,,,Number of entries returned
8.7.0,true,ldap,ldap.response.reason,keyword,extended,,,Reason for disconnect
8.7.0,true,ldap,ldap.response.status_code,keyword,extended,,,either successful or failed
8.7.0,true,ldap,ldap.result.code,long,extended,,,LDAP result code
8.7.0,true,ldap,ldap.result.count,long,extended,,,Count of records returned by LDAP query
8.7.0,true,ldap,ldap.scope,keyword,extended,,,LDAP query scope
8.7.0,true,ldap,ldap.secure_bind,boolean,extended,,,Indicates a BIND operation uses a security strength factor (e.g. SSL/TLS)
8.7.0,true,ldap,ldap.server.message.category,keyword,extended,,,Message category from server's operational logs
8.7.0,true,ldap,ldap.server.message.id,long,extended,,,Message ID from server's operational logs
8.7.0,true,ldap,ldap.server.message.severity,keyword,extended,,,Message severity from server's operational logs
8.7.0,true,ldap,ldap.transaction_id,keyword,extended,,,Unique ID for the transaction
8.7.0,true,ldap,ldap.type,keyword,extended,,,LDAP query type
8.7.0,true,ldap,ldap.user_id,keyword,extended,,,User who requested the operation
8.7.0,true,ldap,ldap.version,keyword,extended,,,LDAP version
8.7.0,true,log,log.file.path,keyword,extended,,/var/log/fun-times.log,Full path to the log file this event came from.
8.7.0,true,log,log.level,keyword,core,,error,Log level of the log event.
8.7.0,true,log,log.logger,keyword,core,,org.elasticsearch.bootstrap.Bootstrap,Name of the logger.
8.7.0,true,log,log.origin.file.line,long,extended,,42,The line number of the file which originated the log event.
8.7.0,true,log,log.origin.file.name,keyword,extended,,Bootstrap.java,The code file which originated the log event.
8.7.0,true,log,log.origin.function,keyword,extended,,init,The function which originated the log event.
8.7.0,true,log,log.syslog,object,extended,,,Syslog metadata
8.7.0,true,log,log.syslog.appname,keyword,extended,,sshd,The device or application that originated the Syslog message.
8.7.0,true,log,log.syslog.facility.code,long,extended,,23,Syslog numeric facility of the event.
8.7.0,true,log,log.syslog.facility.name,keyword,extended,,local7,Syslog text-based facility of the event.
8.7.0,true,log,log.syslog.hostname,keyword,extended,,example-host,The host that originated the Syslog message.
8.7.0,true,log,log.syslog.msgid,keyword,extended,,ID47,An identifier for the type of Syslog message.
8.7.0,true,log,log.syslog.priority,long,extended,,135,Syslog priority of the event.
8.7.0,true,log,log.syslog.procid,keyword,extended,,12345,The process name or ID that originated the Syslog message.
8.7.0,true,log,log.syslog.severity.code,long,extended,,3,Syslog numeric severity of the event.
8.7.0,true,log,log.syslog.severity.name,keyword,extended,,Error,Syslog text-based severity of the event.
8.7.0,true,log,log.syslog.structured_data,flattened,extended,,,Structured data expressed in RFC 5424 messages.
8.7.0,true,log,log.syslog.version,keyword,extended,,1,Syslog protocol version.
8.7.0,true,logstash,logstash.log.module,keyword,extended,,,The module or class where the event originate.
8.7.0,true,logstash,logstash.log.pipeline_action_id,keyword,extended,,,ID of specific aciton within a pipeline that generated the log
8.7.0,true,logstash,logstash.log.pipeline_id,keyword,extended,,,ID of logstash pipeline that generated the log
8.7.0,true,malware,malware.malicious,boolean,extended,,,Whether the malware is malicious
8.7.0,true,malware,malware.name,keyword,extended,,,Name of malware
8.7.0,true,nat_allocation,nat_allocation.blocks.max,unsigned_long,extended,,,Max number of NAT pool blocks
8.7.0,true,nat_allocation,nat_allocation.blocks.used,unsigned_long,extended,,,Current number of NAT pool blocks used
8.7.0,true,nat_allocation,nat_allocation.pool,keyword,extended,,,Nat allocation pool
8.7.0,true,nat_allocation,nat_allocation.port.high,unsigned_long,extended,,,High port in allocated block
8.7.0,true,nat_allocation,nat_allocation.port.low,unsigned_long,extended,,,Low port in allocated block
8.7.0,true,nat_allocation,nat_allocation.session_id,keyword,extended,,,session id
8.7.0,true,network,network.application,keyword,extended,,aim,Application level protocol name.
8.7.0,true,network,network.bytes,long,core,,368,Total bytes transferred in both directions.
8.7.0,true,network,network.community_id,keyword,extended,,1:hO+sN4H+MG5MY/8hIrXPqc4ZQz0=,A hash of source and destination IPs and ports.
8.7.0,true,network,network.direction,keyword,core,,inbound,Direction of the network traffic.
8.7.0,true,network,network.forwarded_ip,ip,core,,192.1.1.2,Host IP address when the source IP address is the proxy.
8.7.0,true,network,network.iana_number,keyword,extended,,6,IANA Protocol Number.
8.7.0,true,network,network.inner,object,extended,,,Inner VLAN tag information
8.7.0,true,network,network.inner.vlan.id,keyword,extended,,10,VLAN ID as reported by the observer.
8.7.0,true,network,network.inner.vlan.name,keyword,extended,,outside,Optional VLAN name as reported by the observer.
8.7.0,true,network,network.name,keyword,extended,,Guest Wifi,Name given by operators to sections of their network.
8.7.0,true,network,network.packets,long,core,,24,Total packets transferred in both directions.
8.7.0,true,network,network.protocol,keyword,core,,http,Application protocol name.
8.7.0,true,network,network.transport,keyword,core,,tcp,Protocol Name corresponding to the field `iana_number`.
8.7.0,true,network,network.type,keyword,core,,ipv4,"In the OSI Model this would be the Network Layer. ipv4, ipv6, ipsec, pim, etc"
8.7.0,true,network,network.vlan.id,keyword,extended,,10,VLAN ID as reported by the observer.
8.7.0,true,network,network.vlan.name,keyword,extended,,outside,Optional VLAN name as reported by the observer.
8.7.0,true,observer,observer.egress,object,extended,,,Object field for egress information
8.7.0,true,observer,observer.egress.interface.alias,keyword,extended,,outside,Interface alias
8.7.0,true,observer,observer.egress.interface.id,keyword,extended,,10,Interface ID
8.7.0,true,observer,observer.egress.interface.name,keyword,extended,,eth0,Interface name
8.7.0,true,observer,observer.egress.vlan.id,keyword,extended,,10,VLAN ID as reported by the observer.
8.7.0,true,observer,observer.egress.vlan.name,keyword,extended,,outside,Optional VLAN name as reported by the observer.
8.7.0,true,observer,observer.egress.zone,keyword,extended,,Public_Internet,Observer Egress zone
8.7.0,true,observer,observer.geo.city_name,keyword,core,,Montreal,City name.
8.7.0,true,observer,observer.geo.continent_code,keyword,core,,NA,Continent code.
8.7.0,true,observer,observer.geo.continent_name,keyword,core,,North America,Name of the continent.
8.7.0,true,observer,observer.geo.country_iso_code,keyword,core,,CA,Country ISO code.
8.7.0,true,observer,observer.geo.country_name,keyword,core,,Canada,Country name.
8.7.0,true,observer,observer.geo.location,geo_point,core,,"{ ""lon"": -73.614830, ""lat"": 45.505918 }",Longitude and latitude.
8.7.0,true,observer,observer.geo.name,keyword,extended,,boston-dc,User-defined description of a location.
8.7.0,true,observer,observer.geo.postal_code,keyword,core,,94040,Postal code.
8.7.0,true,observer,observer.geo.region_iso_code,keyword,core,,CA-QC,Region ISO code.
8.7.0,true,observer,observer.geo.region_name,keyword,core,,Quebec,Region name.
8.7.0,true,observer,observer.geo.timezone,keyword,core,,America/Argentina/Buenos_Aires,Time zone.
8.7.0,true,observer,observer.hostname,keyword,core,,,Hostname of the observer.
8.7.0,true,observer,observer.ingress,object,extended,,,Object field for ingress information
8.7.0,true,observer,observer.ingress.interface.alias,keyword,extended,,outside,Interface alias
8.7.0,true,observer,observer.ingress.interface.id,keyword,extended,,10,Interface ID
8.7.0,true,observer,observer.ingress.interface.name,keyword,extended,,eth0,Interface name
8.7.0,true,observer,observer.ingress.vlan.id,keyword,extended,,10,VLAN ID as reported by the observer.
8.7.0,true,observer,observer.ingress.vlan.name,keyword,extended,,outside,Optional VLAN name as reported by the observer.
8.7.0,true,observer,observer.ingress.zone,keyword,extended,,DMZ,Observer ingress zone
8.7.0,true,observer,observer.ip,ip,core,array,,IP addresses of the observer.
8.7.0,true,observer,observer.mac,keyword,core,array,"[""00-00-5E-00-53-23"", ""00-00-5E-00-53-24""]",MAC addresses of the observer.
8.7.0,true,observer,observer.name,keyword,extended,,1_proxySG,Custom name of the observer.
8.7.0,true,observer,observer.os.family,keyword,extended,,debian,"OS family (such as redhat, debian, freebsd, windows)."
8.7.0,true,observer,observer.os.full,keyword,extended,,Mac OS Mojave,"Operating system name, including the version or code name."
8.7.0,true,observer,observer.os.full.text,match_only_text,extended,,Mac OS Mojave,"Operating system name, including the version or code name."
8.7.0,true,observer,observer.os.kernel,keyword,extended,,4.4.0-112-generic,Operating system kernel version as a raw string.
8.7.0,true,observer,observer.os.name,keyword,extended,,Mac OS X,"Operating system name, without the version."
8.7.0,true,observer,observer.os.name.text,match_only_text,extended,,Mac OS X,"Operating system name, without the version."
8.7.0,true,observer,observer.os.platform,keyword,extended,,darwin,"Operating system platform (such centos, ubuntu, windows)."
8.7.0,true,observer,observer.os.type,keyword,extended,,macos,"Which commercial OS family (one of: linux, macos, unix, windows, ios or android)."
8.7.0,true,observer,observer.os.version,keyword,extended,,10.14.1,Operating system version as a raw string.
8.7.0,true,observer,observer.product,keyword,extended,,s200,The product name of the observer.
8.7.0,true,observer,observer.serial_number,keyword,extended,,,Observer serial number.
8.7.0,true,observer,observer.type,keyword,core,,firewall,The type of the observer the data is coming from.
8.7.0,true,observer,observer.vendor,keyword,core,,Symantec,Vendor name of the observer.
8.7.0,true,observer,observer.version,keyword,core,,,Observer version.
8.7.0,true,observer,observer.vsys,keyword,extended,,,VSYS geneating firewall log
8.7.0,true,orchestrator,orchestrator.api_version,keyword,extended,,v1beta1,API version being used to carry out the action
8.7.0,true,orchestrator,orchestrator.cluster.id,keyword,extended,,,Unique ID of the cluster.
8.7.0,true,orchestrator,orchestrator.cluster.name,keyword,extended,,,Name of the cluster.
8.7.0,true,orchestrator,orchestrator.cluster.url,keyword,extended,,,URL of the API used to manage the cluster.
8.7.0,true,orchestrator,orchestrator.cluster.version,keyword,extended,,,The version of the cluster.
8.7.0,true,orchestrator,orchestrator.namespace,keyword,extended,,kube-system,Namespace in which the action is taking place.
8.7.0,true,orchestrator,orchestrator.organization,keyword,extended,,elastic,Organization affected by the event (for multi-tenant orchestrator setups).
8.7.0,true,orchestrator,orchestrator.resource.id,keyword,extended,,,Unique ID of the resource being acted upon.
8.7.0,true,orchestrator,orchestrator.resource.ip,ip,extended,array,,IP address assigned to the resource associated with the event being observed.
8.7.0,true,orchestrator,orchestrator.resource.name,keyword,extended,,test-pod-cdcws,Name of the resource being acted upon.
8.7.0,true,orchestrator,orchestrator.resource.parent.type,keyword,extended,,DaemonSet,Type or kind of the parent resource associated with the event being observed.
8.7.0,true,orchestrator,orchestrator.resource.type,keyword,extended,,service,Type of resource being acted upon.
8.7.0,true,orchestrator,orchestrator.type,keyword,extended,,kubernetes,"Orchestrator cluster type (e.g. kubernetes, nomad or cloudfoundry)."
8.7.0,true,organization,organization.id,keyword,extended,,,Unique identifier for the organization.
8.7.0,true,organization,organization.name,keyword,extended,,,Organization name.
8.7.0,true,organization,organization.name.text,match_only_text,extended,,,Organization name.
8.7.0,true,package,package.architecture,keyword,extended,,x86_64,Package architecture.
8.7.0,true,package,package.build_version,keyword,extended,,36f4f7e89dd61b0988b12ee000b98966867710cd,Build version information
8.7.0,true,package,package.checksum,keyword,extended,,68b329da9893e34099c7d8ad5cb9c940,Checksum of the installed package for verification.
8.7.0,true,package,package.description,keyword,extended,,Open source programming language to build simple/reliable/efficient software.,Description of the package.
8.7.0,true,package,package.install_scope,keyword,extended,,global,"Indicating how the package was installed, e.g. user-local, global."
8.7.0,true,package,package.installed,date,extended,,,Time when package was installed.
8.7.0,true,package,package.license,keyword,extended,,Apache License 2.0,Package license
8.7.0,true,package,package.name,keyword,extended,,go,Package name
8.7.0,true,package,package.path,keyword,extended,,/usr/local/Cellar/go/1.12.9/,Path where the package is installed.
8.7.0,true,package,package.reference,keyword,extended,,https://golang.org,Package home page or reference URL
8.7.0,true,package,package.size,long,extended,,62231,Package size in bytes.
8.7.0,true,package,package.type,keyword,extended,,rpm,Package type
8.7.0,true,package,package.version,keyword,extended,,1.12.9,Package version
8.7.0,true,packet,packet.data.base64,text,extended,,,packet payload encoded as base64
8.7.0,true,packet,packet.data.hex,text,extended,,,packet payload encoded as hex
8.7.0,true,packet,packet.data.tcpdump,text,extended,,,packet payload displayed in a tcpdump format
8.7.0,true,packet,packet.data.text,text,extended,,,Printable part of the packet payload as text
8.7.0,true,prisma,prisma.alert.policy.labels,keyword,extended,,,Labels for policy that generated the alert
8.7.0,true,prisma,prisma.alert.policy.type,keyword,extended,,,policy type that generated the alert
8.7.0,true,prisma,prisma.alert.status,keyword,extended,,,current status of the alert
8.7.0,true,prisma,prisma.compliance,flattened,extended,,,Key Value metadata detailing what compliance standards contain the alert
8.7.0,true,prisma,prisma.resource,flattened,extended,,,Detailed information about the resource that generated the alert
8.7.0,true,prisma,prisma.tags,flattened,extended,,,Tags from prisma
8.7.0,true,process,process.args,keyword,extended,array,"[""/usr/bin/ssh"", ""-l"", ""user"", ""10.0.0.16""]",Array of process arguments.
8.7.0,true,process,process.args_count,long,extended,,4,Length of the process.args array.
8.7.0,true,process,process.code_signature.digest_algorithm,keyword,extended,,sha256,Hashing algorithm used to sign the process.
8.7.0,true,process,process.code_signature.exists,boolean,core,,true,Boolean to capture if a signature is present.
8.7.0,true,process,process.code_signature.signing_id,keyword,extended,,com.apple.xpc.proxy,The identifier used to sign the process.
8.7.0,true,process,process.code_signature.status,keyword,extended,,ERROR_UNTRUSTED_ROOT,Additional information about the certificate status.
8.7.0,true,process,process.code_signature.subject_name,keyword,core,,Microsoft Corporation,Subject name of the code signer
8.7.0,true,process,process.code_signature.team_id,keyword,extended,,EQHXZ8M8AV,The team identifier used to sign the process.
8.7.0,true,process,process.code_signature.timestamp,date,extended,,2021-01-01T12:10:30Z,When the signature was generated and signed.
8.7.0,true,process,process.code_signature.trusted,boolean,extended,,true,Stores the trust status of the certificate chain.
8.7.0,true,process,process.code_signature.valid,boolean,extended,,true,Boolean to capture if the digital signature is verified against the binary content.
8.7.0,true,process,process.command_line,wildcard,extended,,/usr/bin/ssh -l user 10.0.0.16,Full command line that started the process.
8.7.0,true,process,process.command_line.text,match_only_text,extended,,/usr/bin/ssh -l user 10.0.0.16,Full command line that started the process.
8.7.0,true,process,process.elf.architecture,keyword,extended,,x86-64,Machine architecture of the ELF file.
8.7.0,true,process,process.elf.byte_order,keyword,extended,,Little Endian,Byte sequence of ELF file.
8.7.0,true,process,process.elf.cpu_type,keyword,extended,,Intel,CPU type of the ELF file.
8.7.0,true,process,process.elf.creation_date,date,extended,,,Build or compile date.
8.7.0,true,process,process.elf.exports,flattened,extended,array,,List of exported element names and types.
8.7.0,true,process,process.elf.go_import_hash,keyword,extended,,10bddcb4cee42080f76c88d9ff964491,A hash of the Go language imports in an ELF file.
8.7.0,true,process,process.elf.go_imports,flattened,extended,,,List of imported Go language element names and types.
8.7.0,true,process,process.elf.go_imports_names_entropy,long,extended,,,Shannon entropy calculation from the list of Go imports.
8.7.0,true,process,process.elf.go_imports_names_var_entropy,long,extended,,,Variance for Shannon entropy calculation from the list of Go imports.
8.7.0,true,process,process.elf.go_stripped,boolean,extended,,,Whether the file is a stripped or obfuscated Go executable.
8.7.0,true,process,process.elf.header.abi_version,keyword,extended,,,Version of the ELF Application Binary Interface (ABI).
8.7.0,true,process,process.elf.header.class,keyword,extended,,,Header class of the ELF file.
8.7.0,true,process,process.elf.header.data,keyword,extended,,,Data table of the ELF header.
8.7.0,true,process,process.elf.header.entrypoint,long,extended,,,Header entrypoint of the ELF file.
8.7.0,true,process,process.elf.header.object_version,keyword,extended,,,"""0x1"" for original ELF files."
8.7.0,true,process,process.elf.header.os_abi,keyword,extended,,,Application Binary Interface (ABI) of the Linux OS.
8.7.0,true,process,process.elf.header.type,keyword,extended,,,Header type of the ELF file.
8.7.0,true,process,process.elf.header.version,keyword,extended,,,Version of the ELF header.
8.7.0,true,process,process.elf.import_hash,keyword,extended,,d41d8cd98f00b204e9800998ecf8427e,A hash of the imports in an ELF file.
8.7.0,true,process,process.elf.imports,flattened,extended,array,,List of imported element names and types.
8.7.0,true,process,process.elf.imports_names_entropy,long,extended,,,Shannon entropy calculation from the list of imported element names and types.
8.7.0,true,process,process.elf.imports_names_var_entropy,long,extended,,,Variance for Shannon entropy calculation from the list of imported element names and types.
8.7.0,true,process,process.elf.sections,nested,extended,array,,Section information of the ELF file.
8.7.0,true,process,process.elf.sections.chi2,long,extended,,,Chi-square probability distribution of the section.
8.7.0,true,process,process.elf.sections.entropy,long,extended,,,Shannon entropy calculation from the section.
8.7.0,true,process,process.elf.sections.flags,keyword,extended,,,ELF Section List flags.
8.7.0,true,process,process.elf.sections.name,keyword,extended,,,ELF Section List name.
8.7.0,true,process,process.elf.sections.physical_offset,keyword,extended,,,ELF Section List offset.
8.7.0,true,process,process.elf.sections.physical_size,long,extended,,,ELF Section List physical size.
8.7.0,true,process,process.elf.sections.type,keyword,extended,,,ELF Section List type.
8.7.0,true,process,process.elf.sections.var_entropy,long,extended,,,Variance for Shannon entropy calculation from the section.
8.7.0,true,process,process.elf.sections.virtual_address,long,extended,,,ELF Section List virtual address.
8.7.0,true,process,process.elf.sections.virtual_size,long,extended,,,ELF Section List virtual size.
8.7.0,true,process,process.elf.segments,nested,extended,array,,ELF object segment list.
8.7.0,true,process,process.elf.segments.sections,keyword,extended,,,ELF object segment sections.
8.7.0,true,process,process.elf.segments.type,keyword,extended,,,ELF object segment type.
8.7.0,true,process,process.elf.shared_libraries,keyword,extended,array,,List of shared libraries used by this ELF object.
8.7.0,true,process,process.elf.telfhash,keyword,extended,,,telfhash hash for ELF file.
8.7.0,true,process,process.end,date,extended,,2016-05-23T08:05:34.853Z,The time the process ended.
8.7.0,true,process,process.entity_id,keyword,extended,,c2c455d9f99375d,Unique identifier for the process.
8.7.0,true,process,process.entry_leader.args,keyword,extended,array,"[""/usr/bin/ssh"", ""-l"", ""user"", ""10.0.0.16""]",Array of process arguments.
8.7.0,true,process,process.entry_leader.args_count,long,extended,,4,Length of the process.args array.
8.7.0,true,process,process.entry_leader.attested_groups.name,keyword,extended,,,Name of the group.
8.7.0,true,process,process.entry_leader.attested_user.id,keyword,core,,S-1-5-21-202424912787-2692429404-2351956786-1000,Unique identifier of the user.
8.7.0,true,process,process.entry_leader.attested_user.name,keyword,core,,a.einstein,Short name or login of the user.
8.7.0,true,process,process.entry_leader.attested_user.name.text,match_only_text,core,,a.einstein,Short name or login of the user.
8.7.0,true,process,process.entry_leader.command_line,wildcard,extended,,/usr/bin/ssh -l user 10.0.0.16,Full command line that started the process.
8.7.0,true,process,process.entry_leader.command_line.text,match_only_text,extended,,/usr/bin/ssh -l user 10.0.0.16,Full command line that started the process.
8.7.0,true,process,process.entry_leader.entity_id,keyword,extended,,c2c455d9f99375d,Unique identifier for the process.
8.7.0,true,process,process.entry_leader.entry_meta.source.ip,ip,core,,,IP address of the source.
8.7.0,true,process,process.entry_leader.entry_meta.type,keyword,extended,,,The entry type for the entry session leader.
8.7.0,true,process,process.entry_leader.executable,keyword,extended,,/usr/bin/ssh,Absolute path to the process executable.
8.7.0,true,process,process.entry_leader.executable.text,match_only_text,extended,,/usr/bin/ssh,Absolute path to the process executable.
8.7.0,true,process,process.entry_leader.group.id,keyword,extended,,,Unique identifier for the group on the system/platform.
8.7.0,true,process,process.entry_leader.group.name,keyword,extended,,,Name of the group.
8.7.0,true,process,process.entry_leader.interactive,boolean,extended,,True,Whether the process is connected to an interactive shell.
8.7.0,true,process,process.entry_leader.name,keyword,extended,,ssh,Process name.
8.7.0,true,process,process.entry_leader.name.text,match_only_text,extended,,ssh,Process name.
8.7.0,true,process,process.entry_leader.parent.entity_id,keyword,extended,,c2c455d9f99375d,Unique identifier for the process.
8.7.0,true,process,process.entry_leader.parent.pid,long,core,,4242,Process id.
8.7.0,true,process,process.entry_leader.parent.session_leader.entity_id,keyword,extended,,c2c455d9f99375d,Unique identifier for the process.
8.7.0,true,process,process.entry_leader.parent.session_leader.pid,long,core,,4242,Process id.
8.7.0,true,process,process.entry_leader.parent.session_leader.start,date,extended,,2016-05-23T08:05:34.853Z,The time the process started.
8.7.0,true,process,process.entry_leader.parent.start,date,extended,,2016-05-23T08:05:34.853Z,The time the process started.
8.7.0,true,process,process.entry_leader.pid,long,core,,4242,Process id.
8.7.0,true,process,process.entry_leader.real_group.id,keyword,extended,,,Unique identifier for the group on the system/platform.
8.7.0,true,process,process.entry_leader.real_group.name,keyword,extended,,,Name of the group.
8.7.0,true,process,process.entry_leader.real_user.id,keyword,core,,S-1-5-21-202424912787-2692429404-2351956786-1000,Unique identifier of the user.
8.7.0,true,process,process.entry_leader.real_user.name,keyword,core,,a.einstein,Short name or login of the user.
8.7.0,true,process,process.entry_leader.real_user.name.text,match_only_text,core,,a.einstein,Short name or login of the user.
8.7.0,true,process,process.entry_leader.same_as_process,boolean,extended,,True,This boolean is used to identify if a leader process is the same as the top level process.
8.7.0,true,process,process.entry_leader.saved_group.id,keyword,extended,,,Unique identifier for the group on the system/platform.
8.7.0,true,process,process.entry_leader.saved_group.name,keyword,extended,,,Name of the group.
8.7.0,true,process,process.entry_leader.saved_user.id,keyword,core,,S-1-5-21-202424912787-2692429404-2351956786-1000,Unique identifier of the user.
8.7.0,true,process,process.entry_leader.saved_user.name,keyword,core,,a.einstein,Short name or login of the user.
8.7.0,true,process,process.entry_leader.saved_user.name.text,match_only_text,core,,a.einstein,Short name or login of the user.
8.7.0,true,process,process.entry_leader.start,date,extended,,2016-05-23T08:05:34.853Z,The time the process started.
8.7.0,true,process,process.entry_leader.supplemental_groups.id,keyword,extended,,,Unique identifier for the group on the system/platform.
8.7.0,true,process,process.entry_leader.supplemental_groups.name,keyword,extended,,,Name of the group.
8.7.0,true,process,process.entry_leader.tty,object,extended,,,Information about the controlling TTY device.
8.7.0,true,process,process.entry_leader.tty.char_device.major,long,extended,,4,The TTY character device's major number.
8.7.0,true,process,process.entry_leader.tty.char_device.minor,long,extended,,1,The TTY character device's minor number.
8.7.0,true,process,process.entry_leader.user.id,keyword,core,,S-1-5-21-202424912787-2692429404-2351956786-1000,Unique identifier of the user.
8.7.0,true,process,process.entry_leader.user.name,keyword,core,,a.einstein,Short name or login of the user.
8.7.0,true,process,process.entry_leader.user.name.text,match_only_text,core,,a.einstein,Short name or login of the user.
8.7.0,true,process,process.entry_leader.working_directory,keyword,extended,,/home/alice,The working directory of the process.
8.7.0,true,process,process.entry_leader.working_directory.text,match_only_text,extended,,/home/alice,The working directory of the process.
8.7.0,true,process,process.env_vars,keyword,extended,array,"[""PATH=/usr/local/bin:/usr/bin"", ""USER=ubuntu""]",Array of environment variable bindings.
8.7.0,true,process,process.executable,keyword,extended,,/usr/bin/ssh,Absolute path to the process executable.
8.7.0,true,process,process.executable.text,match_only_text,extended,,/usr/bin/ssh,Absolute path to the process executable.
8.7.0,true,process,process.exit_code,long,extended,,137,The exit code of the process.
8.7.0,true,process,process.group_leader.args,keyword,extended,array,"[""/usr/bin/ssh"", ""-l"", ""user"", ""10.0.0.16""]",Array of process arguments.
8.7.0,true,process,process.group_leader.args_count,long,extended,,4,Length of the process.args array.
8.7.0,true,process,process.group_leader.command_line,wildcard,extended,,/usr/bin/ssh -l user 10.0.0.16,Full command line that started the process.
8.7.0,true,process,process.group_leader.command_line.text,match_only_text,extended,,/usr/bin/ssh -l user 10.0.0.16,Full command line that started the process.
8.7.0,true,process,process.group_leader.entity_id,keyword,extended,,c2c455d9f99375d,Unique identifier for the process.
8.7.0,true,process,process.group_leader.executable,keyword,extended,,/usr/bin/ssh,Absolute path to the process executable.
8.7.0,true,process,process.group_leader.executable.text,match_only_text,extended,,/usr/bin/ssh,Absolute path to the process executable.
8.7.0,true,process,process.group_leader.group.id,keyword,extended,,,Unique identifier for the group on the system/platform.
8.7.0,true,process,process.group_leader.group.name,keyword,extended,,,Name of the group.
8.7.0,true,process,process.group_leader.interactive,boolean,extended,,True,Whether the process is connected to an interactive shell.
8.7.0,true,process,process.group_leader.name,keyword,extended,,ssh,Process name.
8.7.0,true,process,process.group_leader.name.text,match_only_text,extended,,ssh,Process name.
8.7.0,true,process,process.group_leader.pid,long,core,,4242,Process id.
8.7.0,true,process,process.group_leader.real_group.id,keyword,extended,,,Unique identifier for the group on the system/platform.
8.7.0,true,process,process.group_leader.real_group.name,keyword,extended,,,Name of the group.
8.7.0,true,process,process.group_leader.real_user.id,keyword,core,,S-1-5-21-202424912787-2692429404-2351956786-1000,Unique identifier of the user.
8.7.0,true,process,process.group_leader.real_user.name,keyword,core,,a.einstein,Short name or login of the user.
8.7.0,true,process,process.group_leader.real_user.name.text,match_only_text,core,,a.einstein,Short name or login of the user.
8.7.0,true,process,process.group_leader.same_as_process,boolean,extended,,True,This boolean is used to identify if a leader process is the same as the top level process.
8.7.0,true,process,process.group_leader.saved_group.id,keyword,extended,,,Unique identifier for the group on the system/platform.
8.7.0,true,process,process.group_leader.saved_group.name,keyword,extended,,,Name of the group.
8.7.0,true,process,process.group_leader.saved_user.id,keyword,core,,S-1-5-21-202424912787-2692429404-2351956786-1000,Unique identifier of the user.
8.7.0,true,process,process.group_leader.saved_user.name,keyword,core,,a.einstein,Short name or login of the user.
8.7.0,true,process,process.group_leader.saved_user.name.text,match_only_text,core,,a.einstein,Short name or login of the user.
8.7.0,true,process,process.group_leader.start,date,extended,,2016-05-23T08:05:34.853Z,The time the process started.
8.7.0,true,process,process.group_leader.supplemental_groups.id,keyword,extended,,,Unique identifier for the group on the system/platform.
8.7.0,true,process,process.group_leader.supplemental_groups.name,keyword,extended,,,Name of the group.
8.7.0,true,process,process.group_leader.tty,object,extended,,,Information about the controlling TTY device.
8.7.0,true,process,process.group_leader.tty.char_device.major,long,extended,,4,The TTY character device's major number.
8.7.0,true,process,process.group_leader.tty.char_device.minor,long,extended,,1,The TTY character device's minor number.
8.7.0,true,process,process.group_leader.user.id,keyword,core,,S-1-5-21-202424912787-2692429404-2351956786-1000,Unique identifier of the user.
8.7.0,true,process,process.group_leader.user.name,keyword,core,,a.einstein,Short name or login of the user.
8.7.0,true,process,process.group_leader.user.name.text,match_only_text,core,,a.einstein,Short name or login of the user.
8.7.0,true,process,process.group_leader.working_directory,keyword,extended,,/home/alice,The working directory of the process.
8.7.0,true,process,process.group_leader.working_directory.text,match_only_text,extended,,/home/alice,The working directory of the process.
8.7.0,true,process,process.hash.md5,keyword,extended,,,MD5 hash.
8.7.0,true,process,process.hash.sha1,keyword,extended,,,SHA1 hash.
8.7.0,true,process,process.hash.sha256,keyword,extended,,,SHA256 hash.
8.7.0,true,process,process.hash.sha384,keyword,extended,,,SHA384 hash.
8.7.0,true,process,process.hash.sha512,keyword,extended,,,SHA512 hash.
8.7.0,true,process,process.hash.ssdeep,keyword,extended,,,SSDEEP hash.
8.7.0,true,process,process.hash.tlsh,keyword,extended,,,TLSH hash.
8.7.0,true,process,process.interactive,boolean,extended,,True,Whether the process is connected to an interactive shell.
8.7.0,true,process,process.io,object,extended,,,A chunk of input or output (IO) from a single process.
8.7.0,true,process,process.io.bytes_skipped,object,extended,array,,An array of byte offsets and lengths denoting where IO data has been skipped.
8.7.0,true,process,process.io.bytes_skipped.length,long,extended,,,The length of bytes skipped.
8.7.0,true,process,process.io.bytes_skipped.offset,long,extended,,,The byte offset into this event's io.text (or io.bytes in the future) where length bytes were skipped.
8.7.0,true,process,process.io.max_bytes_per_process_exceeded,boolean,extended,,,"If true, the process producing the output has exceeded the max_kilobytes_per_process configuration setting."
8.7.0,true,process,process.io.text,wildcard,extended,,,A chunk of output or input sanitized to UTF-8.
8.7.0,true,process,process.io.total_bytes_captured,long,extended,,,The total number of bytes captured in this event.
8.7.0,true,process,process.io.total_bytes_skipped,long,extended,,,The total number of bytes that were not captured due to implementation restrictions such as buffer size limits.
8.7.0,true,process,process.io.type,keyword,extended,,,The type of object on which the IO action (read or write) was taken.
8.7.0,true,process,process.macho.go_import_hash,keyword,extended,,10bddcb4cee42080f76c88d9ff964491,A hash of the Go language imports in a Mach-O file.
8.7.0,true,process,process.macho.go_imports,flattened,extended,,,List of imported Go language element names and types.
8.7.0,true,process,process.macho.go_imports_names_entropy,long,extended,,,Shannon entropy calculation from the list of Go imports.
8.7.0,true,process,process.macho.go_imports_names_var_entropy,long,extended,,,Variance for Shannon entropy calculation from the list of Go imports.
8.7.0,true,process,process.macho.go_stripped,boolean,extended,,,Whether the file is a stripped or obfuscated Go executable.
8.7.0,true,process,process.macho.import_hash,keyword,extended,,d41d8cd98f00b204e9800998ecf8427e,A hash of the imports in a Mach-O file.
8.7.0,true,process,process.macho.imports,flattened,extended,array,,List of imported element names and types.
8.7.0,true,process,process.macho.imports_names_entropy,long,extended,,,Shannon entropy calculation from the list of imported element names and types.
8.7.0,true,process,process.macho.imports_names_var_entropy,long,extended,,,Variance for Shannon entropy calculation from the list of imported element names and types.
8.7.0,true,process,process.macho.sections,nested,extended,array,,Section information of the Mach-O file.
8.7.0,true,process,process.macho.sections.entropy,long,extended,,,Shannon entropy calculation from the section.
8.7.0,true,process,process.macho.sections.name,keyword,extended,,,Mach-O Section List name.
8.7.0,true,process,process.macho.sections.physical_size,long,extended,,,Mach-O Section List physical size.
8.7.0,true,process,process.macho.sections.var_entropy,long,extended,,,Variance for Shannon entropy calculation from the section.
8.7.0,true,process,process.macho.sections.virtual_size,long,extended,,,Mach-O Section List virtual size. This is always the same as `physical_size`.
8.7.0,true,process,process.macho.symhash,keyword,extended,,d3ccf195b62a9279c3c19af1080497ec,A hash of the imports in a Mach-O file.
8.7.0,true,process,process.name,keyword,extended,,ssh,Process name.
8.7.0,true,process,process.name.text,match_only_text,extended,,ssh,Process name.
8.7.0,true,process,process.parent.args,keyword,extended,array,"[""/usr/bin/ssh"", ""-l"", ""user"", ""10.0.0.16""]",Array of process arguments.
8.7.0,true,process,process.parent.args_count,long,extended,,4,Length of the process.args array.
8.7.0,true,process,process.parent.code_signature.digest_algorithm,keyword,extended,,sha256,Hashing algorithm used to sign the process.
8.7.0,true,process,process.parent.code_signature.exists,boolean,core,,true,Boolean to capture if a signature is present.
8.7.0,true,process,process.parent.code_signature.signing_id,keyword,extended,,com.apple.xpc.proxy,The identifier used to sign the process.
8.7.0,true,process,process.parent.code_signature.status,keyword,extended,,ERROR_UNTRUSTED_ROOT,Additional information about the certificate status.
8.7.0,true,process,process.parent.code_signature.subject_name,keyword,core,,Microsoft Corporation,Subject name of the code signer
8.7.0,true,process,process.parent.code_signature.team_id,keyword,extended,,EQHXZ8M8AV,The team identifier used to sign the process.
8.7.0,true,process,process.parent.code_signature.timestamp,date,extended,,2021-01-01T12:10:30Z,When the signature was generated and signed.
8.7.0,true,process,process.parent.code_signature.trusted,boolean,extended,,true,Stores the trust status of the certificate chain.
8.7.0,true,process,process.parent.code_signature.valid,boolean,extended,,true,Boolean to capture if the digital signature is verified against the binary content.
8.7.0,true,process,process.parent.command_line,wildcard,extended,,/usr/bin/ssh -l user 10.0.0.16,Full command line that started the process.
8.7.0,true,process,process.parent.command_line.text,match_only_text,extended,,/usr/bin/ssh -l user 10.0.0.16,Full command line that started the process.
8.7.0,true,process,process.parent.elf.architecture,keyword,extended,,x86-64,Machine architecture of the ELF file.
8.7.0,true,process,process.parent.elf.byte_order,keyword,extended,,Little Endian,Byte sequence of ELF file.
8.7.0,true,process,process.parent.elf.cpu_type,keyword,extended,,Intel,CPU type of the ELF file.
8.7.0,true,process,process.parent.elf.creation_date,date,extended,,,Build or compile date.
8.7.0,true,process,process.parent.elf.exports,flattened,extended,array,,List of exported element names and types.
8.7.0,true,process,process.parent.elf.go_import_hash,keyword,extended,,10bddcb4cee42080f76c88d9ff964491,A hash of the Go language imports in an ELF file.
8.7.0,true,process,process.parent.elf.go_imports,flattened,extended,,,List of imported Go language element names and types.
8.7.0,true,process,process.parent.elf.go_imports_names_entropy,long,extended,,,Shannon entropy calculation from the list of Go imports.
8.7.0,true,process,process.parent.elf.go_imports_names_var_entropy,long,extended,,,Variance for Shannon entropy calculation from the list of Go imports.
8.7.0,true,process,process.parent.elf.go_stripped,boolean,extended,,,Whether the file is a stripped or obfuscated Go executable.
8.7.0,true,process,process.parent.elf.header.abi_version,keyword,extended,,,Version of the ELF Application Binary Interface (ABI).
8.7.0,true,process,process.parent.elf.header.class,keyword,extended,,,Header class of the ELF file.
8.7.0,true,process,process.parent.elf.header.data,keyword,extended,,,Data table of the ELF header.
8.7.0,true,process,process.parent.elf.header.entrypoint,long,extended,,,Header entrypoint of the ELF file.
8.7.0,true,process,process.parent.elf.header.object_version,keyword,extended,,,"""0x1"" for original ELF files."
8.7.0,true,process,process.parent.elf.header.os_abi,keyword,extended,,,Application Binary Interface (ABI) of the Linux OS.
8.7.0,true,process,process.parent.elf.header.type,keyword,extended,,,Header type of the ELF file.
8.7.0,true,process,process.parent.elf.header.version,keyword,extended,,,Version of the ELF header.
8.7.0,true,process,process.parent.elf.import_hash,keyword,extended,,d41d8cd98f00b204e9800998ecf8427e,A hash of the imports in an ELF file.
8.7.0,true,process,process.parent.elf.imports,flattened,extended,array,,List of imported element names and types.
8.7.0,true,process,process.parent.elf.imports_names_entropy,long,extended,,,Shannon entropy calculation from the list of imported element names and types.
8.7.0,true,process,process.parent.elf.imports_names_var_entropy,long,extended,,,Variance for Shannon entropy calculation from the list of imported element names and types.
8.7.0,true,process,process.parent.elf.sections,nested,extended,array,,Section information of the ELF file.
8.7.0,true,process,process.parent.elf.sections.chi2,long,extended,,,Chi-square probability distribution of the section.
8.7.0,true,process,process.parent.elf.sections.entropy,long,extended,,,Shannon entropy calculation from the section.
8.7.0,true,process,process.parent.elf.sections.flags,keyword,extended,,,ELF Section List flags.
8.7.0,true,process,process.parent.elf.sections.name,keyword,extended,,,ELF Section List name.
8.7.0,true,process,process.parent.elf.sections.physical_offset,keyword,extended,,,ELF Section List offset.
8.7.0,true,process,process.parent.elf.sections.physical_size,long,extended,,,ELF Section List physical size.
8.7.0,true,process,process.parent.elf.sections.type,keyword,extended,,,ELF Section List type.
8.7.0,true,process,process.parent.elf.sections.var_entropy,long,extended,,,Variance for Shannon entropy calculation from the section.
8.7.0,true,process,process.parent.elf.sections.virtual_address,long,extended,,,ELF Section List virtual address.
8.7.0,true,process,process.parent.elf.sections.virtual_size,long,extended,,,ELF Section List virtual size.
8.7.0,true,process,process.parent.elf.segments,nested,extended,array,,ELF object segment list.
8.7.0,true,process,process.parent.elf.segments.sections,keyword,extended,,,ELF object segment sections.
8.7.0,true,process,process.parent.elf.segments.type,keyword,extended,,,ELF object segment type.
8.7.0,true,process,process.parent.elf.shared_libraries,keyword,extended,array,,List of shared libraries used by this ELF object.
8.7.0,true,process,process.parent.elf.telfhash,keyword,extended,,,telfhash hash for ELF file.
8.7.0,true,process,process.parent.end,date,extended,,2016-05-23T08:05:34.853Z,The time the process ended.
8.7.0,true,process,process.parent.entity_id,keyword,extended,,c2c455d9f99375d,Unique identifier for the process.
8.7.0,true,process,process.parent.executable,keyword,extended,,/usr/bin/ssh,Absolute path to the process executable.
8.7.0,true,process,process.parent.executable.text,match_only_text,extended,,/usr/bin/ssh,Absolute path to the process executable.
8.7.0,true,process,process.parent.exit_code,long,extended,,137,The exit code of the process.
8.7.0,true,process,process.parent.group.id,keyword,extended,,,Unique identifier for the group on the system/platform.
8.7.0,true,process,process.parent.group.name,keyword,extended,,,Name of the group.
8.7.0,true,process,process.parent.group_leader.entity_id,keyword,extended,,c2c455d9f99375d,Unique identifier for the process.
8.7.0,true,process,process.parent.group_leader.pid,long,core,,4242,Process id.
8.7.0,true,process,process.parent.group_leader.start,date,extended,,2016-05-23T08:05:34.853Z,The time the process started.
8.7.0,true,process,process.parent.hash.md5,keyword,extended,,,MD5 hash.
8.7.0,true,process,process.parent.hash.sha1,keyword,extended,,,SHA1 hash.
8.7.0,true,process,process.parent.hash.sha256,keyword,extended,,,SHA256 hash.
8.7.0,true,process,process.parent.hash.sha384,keyword,extended,,,SHA384 hash.
8.7.0,true,process,process.parent.hash.sha512,keyword,extended,,,SHA512 hash.
8.7.0,true,process,process.parent.hash.ssdeep,keyword,extended,,,SSDEEP hash.
8.7.0,true,process,process.parent.hash.tlsh,keyword,extended,,,TLSH hash.
8.7.0,true,process,process.parent.interactive,boolean,extended,,True,Whether the process is connected to an interactive shell.
8.7.0,true,process,process.parent.macho.go_import_hash,keyword,extended,,10bddcb4cee42080f76c88d9ff964491,A hash of the Go language imports in a Mach-O file.
8.7.0,true,process,process.parent.macho.go_imports,flattened,extended,,,List of imported Go language element names and types.
8.7.0,true,process,process.parent.macho.go_imports_names_entropy,long,extended,,,Shannon entropy calculation from the list of Go imports.
8.7.0,true,process,process.parent.macho.go_imports_names_var_entropy,long,extended,,,Variance for Shannon entropy calculation from the list of Go imports.
8.7.0,true,process,process.parent.macho.go_stripped,boolean,extended,,,Whether the file is a stripped or obfuscated Go executable.
8.7.0,true,process,process.parent.macho.import_hash,keyword,extended,,d41d8cd98f00b204e9800998ecf8427e,A hash of the imports in a Mach-O file.
8.7.0,true,process,process.parent.macho.imports,flattened,extended,array,,List of imported element names and types.
8.7.0,true,process,process.parent.macho.imports_names_entropy,long,extended,,,Shannon entropy calculation from the list of imported element names and types.
8.7.0,true,process,process.parent.macho.imports_names_var_entropy,long,extended,,,Variance for Shannon entropy calculation from the list of imported element names and types.
8.7.0,true,process,process.parent.macho.sections,nested,extended,array,,Section information of the Mach-O file.
8.7.0,true,process,process.parent.macho.sections.entropy,long,extended,,,Shannon entropy calculation from the section.
8.7.0,true,process,process.parent.macho.sections.name,keyword,extended,,,Mach-O Section List name.
8.7.0,true,process,process.parent.macho.sections.physical_size,long,extended,,,Mach-O Section List physical size.
8.7.0,true,process,process.parent.macho.sections.var_entropy,long,extended,,,Variance for Shannon entropy calculation from the section.
8.7.0,true,process,process.parent.macho.sections.virtual_size,long,extended,,,Mach-O Section List virtual size. This is always the same as `physical_size`.
8.7.0,true,process,process.parent.macho.symhash,keyword,extended,,d3ccf195b62a9279c3c19af1080497ec,A hash of the imports in a Mach-O file.
8.7.0,true,process,process.parent.name,keyword,extended,,ssh,Process name.
8.7.0,true,process,process.parent.name.text,match_only_text,extended,,ssh,Process name.
8.7.0,true,process,process.parent.pe.architecture,keyword,extended,,x64,CPU architecture target for the file.
8.7.0,true,process,process.parent.pe.company,keyword,extended,,Microsoft Corporation,"Internal company name of the file, provided at compile-time."
8.7.0,true,process,process.parent.pe.description,keyword,extended,,Paint,"Internal description of the file, provided at compile-time."
8.7.0,true,process,process.parent.pe.file_version,keyword,extended,,6.3.9600.17415,Process name.
8.7.0,true,process,process.parent.pe.go_import_hash,keyword,extended,,10bddcb4cee42080f76c88d9ff964491,A hash of the Go language imports in a PE file.
8.7.0,true,process,process.parent.pe.go_imports,flattened,extended,,,List of imported Go language element names and types.
8.7.0,true,process,process.parent.pe.go_imports_names_entropy,long,extended,,,Shannon entropy calculation from the list of Go imports.
8.7.0,true,process,process.parent.pe.go_imports_names_var_entropy,long,extended,,,Variance for Shannon entropy calculation from the list of Go imports.
8.7.0,true,process,process.parent.pe.go_stripped,boolean,extended,,,Whether the file is a stripped or obfuscated Go executable.
8.7.0,true,process,process.parent.pe.imphash,keyword,extended,,0c6803c4e922103c4dca5963aad36ddf,A hash of the imports in a PE file.
8.7.0,true,process,process.parent.pe.import_hash,keyword,extended,,d41d8cd98f00b204e9800998ecf8427e,A hash of the imports in a PE file.
8.7.0,true,process,process.parent.pe.imports,flattened,extended,array,,List of imported element names and types.
8.7.0,true,process,process.parent.pe.imports_names_entropy,long,extended,,,Shannon entropy calculation from the list of imported element names and types.
8.7.0,true,process,process.parent.pe.imports_names_var_entropy,long,extended,,,Variance for Shannon entropy calculation from the list of imported element names and types.
8.7.0,true,process,process.parent.pe.original_file_name,keyword,extended,,MSPAINT.EXE,"Internal name of the file, provided at compile-time."
8.7.0,true,process,process.parent.pe.pehash,keyword,extended,,73ff189b63cd6be375a7ff25179a38d347651975,A hash of the PE header and data from one or more PE sections.
8.7.0,true,process,process.parent.pe.product,keyword,extended,,Microsoft® Windows® Operating System,"Internal product name of the file, provided at compile-time."
8.7.0,true,process,process.parent.pe.sections,nested,extended,array,,Section information of the PE file.
8.7.0,true,process,process.parent.pe.sections.entropy,long,extended,,,Shannon entropy calculation from the section.
8.7.0,true,process,process.parent.pe.sections.name,keyword,extended,,,PE Section List name.
8.7.0,true,process,process.parent.pe.sections.physical_size,long,extended,,,PE Section List physical size.
8.7.0,true,process,process.parent.pe.sections.var_entropy,long,extended,,,Variance for Shannon entropy calculation from the section.
8.7.0,true,process,process.parent.pe.sections.virtual_size,long,extended,,,PE Section List virtual size. This is always the same as `physical_size`.
8.7.0,true,process,process.parent.pgid,long,extended,,,Deprecated identifier of the group of processes the process belongs to.
8.7.0,true,process,process.parent.pid,long,core,,4242,Process id.
8.7.0,true,process,process.parent.real_group.id,keyword,extended,,,Unique identifier for the group on the system/platform.
8.7.0,true,process,process.parent.real_group.name,keyword,extended,,,Name of the group.
8.7.0,true,process,process.parent.real_user.id,keyword,core,,S-1-5-21-202424912787-2692429404-2351956786-1000,Unique identifier of the user.
8.7.0,true,process,process.parent.real_user.name,keyword,core,,a.einstein,Short name or login of the user.
8.7.0,true,process,process.parent.real_user.name.text,match_only_text,core,,a.einstein,Short name or login of the user.
8.7.0,true,process,process.parent.saved_group.id,keyword,extended,,,Unique identifier for the group on the system/platform.
8.7.0,true,process,process.parent.saved_group.name,keyword,extended,,,Name of the group.
8.7.0,true,process,process.parent.saved_user.id,keyword,core,,S-1-5-21-202424912787-2692429404-2351956786-1000,Unique identifier of the user.
8.7.0,true,process,process.parent.saved_user.name,keyword,core,,a.einstein,Short name or login of the user.
8.7.0,true,process,process.parent.saved_user.name.text,match_only_text,core,,a.einstein,Short name or login of the user.
8.7.0,true,process,process.parent.start,date,extended,,2016-05-23T08:05:34.853Z,The time the process started.
8.7.0,true,process,process.parent.supplemental_groups.id,keyword,extended,,,Unique identifier for the group on the system/platform.
8.7.0,true,process,process.parent.supplemental_groups.name,keyword,extended,,,Name of the group.
8.7.0,true,process,process.parent.thread.id,long,extended,,4242,Thread ID.
8.7.0,true,process,process.parent.thread.name,keyword,extended,,thread-0,Thread name.
8.7.0,true,process,process.parent.title,keyword,extended,,,Process title.
8.7.0,true,process,process.parent.title.text,match_only_text,extended,,,Process title.
8.7.0,true,process,process.parent.tty,object,extended,,,Information about the controlling TTY device.
8.7.0,true,process,process.parent.tty.char_device.major,long,extended,,4,The TTY character device's major number.
8.7.0,true,process,process.parent.tty.char_device.minor,long,extended,,1,The TTY character device's minor number.
8.7.0,true,process,process.parent.uptime,long,extended,,1325,Seconds the process has been up.
8.7.0,true,process,process.parent.user.id,keyword,core,,S-1-5-21-202424912787-2692429404-2351956786-1000,Unique identifier of the user.
8.7.0,true,process,process.parent.user.name,keyword,core,,a.einstein,Short name or login of the user.
8.7.0,true,process,process.parent.user.name.text,match_only_text,core,,a.einstein,Short name or login of the user.
8.7.0,true,process,process.parent.working_directory,keyword,extended,,/home/alice,The working directory of the process.
8.7.0,true,process,process.parent.working_directory.text,match_only_text,extended,,/home/alice,The working directory of the process.
8.7.0,true,process,process.pe.architecture,keyword,extended,,x64,CPU architecture target for the file.
8.7.0,true,process,process.pe.company,keyword,extended,,Microsoft Corporation,"Internal company name of the file, provided at compile-time."
8.7.0,true,process,process.pe.description,keyword,extended,,Paint,"Internal description of the file, provided at compile-time."
8.7.0,true,process,process.pe.file_version,keyword,extended,,6.3.9600.17415,Process name.
8.7.0,true,process,process.pe.go_import_hash,keyword,extended,,10bddcb4cee42080f76c88d9ff964491,A hash of the Go language imports in a PE file.
8.7.0,true,process,process.pe.go_imports,flattened,extended,,,List of imported Go language element names and types.
8.7.0,true,process,process.pe.go_imports_names_entropy,long,extended,,,Shannon entropy calculation from the list of Go imports.
8.7.0,true,process,process.pe.go_imports_names_var_entropy,long,extended,,,Variance for Shannon entropy calculation from the list of Go imports.
8.7.0,true,process,process.pe.go_stripped,boolean,extended,,,Whether the file is a stripped or obfuscated Go executable.
8.7.0,true,process,process.pe.imphash,keyword,extended,,0c6803c4e922103c4dca5963aad36ddf,A hash of the imports in a PE file.
8.7.0,true,process,process.pe.import_hash,keyword,extended,,d41d8cd98f00b204e9800998ecf8427e,A hash of the imports in a PE file.
8.7.0,true,process,process.pe.imports,flattened,extended,array,,List of imported element names and types.
8.7.0,true,process,process.pe.imports_names_entropy,long,extended,,,Shannon entropy calculation from the list of imported element names and types.
8.7.0,true,process,process.pe.imports_names_var_entropy,long,extended,,,Variance for Shannon entropy calculation from the list of imported element names and types.
8.7.0,true,process,process.pe.original_file_name,keyword,extended,,MSPAINT.EXE,"Internal name of the file, provided at compile-time."
8.7.0,true,process,process.pe.pehash,keyword,extended,,73ff189b63cd6be375a7ff25179a38d347651975,A hash of the PE header and data from one or more PE sections.
8.7.0,true,process,process.pe.product,keyword,extended,,Microsoft® Windows® Operating System,"Internal product name of the file, provided at compile-time."
8.7.0,true,process,process.pe.sections,nested,extended,array,,Section information of the PE file.
8.7.0,true,process,process.pe.sections.entropy,long,extended,,,Shannon entropy calculation from the section.
8.7.0,true,process,process.pe.sections.name,keyword,extended,,,PE Section List name.
8.7.0,true,process,process.pe.sections.physical_size,long,extended,,,PE Section List physical size.
8.7.0,true,process,process.pe.sections.var_entropy,long,extended,,,Variance for Shannon entropy calculation from the section.
8.7.0,true,process,process.pe.sections.virtual_size,long,extended,,,PE Section List virtual size. This is always the same as `physical_size`.
8.7.0,true,process,process.pgid,long,extended,,,Deprecated identifier of the group of processes the process belongs to.
8.7.0,true,process,process.pid,long,core,,4242,Process id.
8.7.0,true,process,process.previous.args,keyword,extended,array,"[""/usr/bin/ssh"", ""-l"", ""user"", ""10.0.0.16""]",Array of process arguments.
8.7.0,true,process,process.previous.args_count,long,extended,,4,Length of the process.args array.
8.7.0,true,process,process.previous.executable,keyword,extended,,/usr/bin/ssh,Absolute path to the process executable.
8.7.0,true,process,process.previous.executable.text,match_only_text,extended,,/usr/bin/ssh,Absolute path to the process executable.
8.7.0,true,process,process.real_group.id,keyword,extended,,,Unique identifier for the group on the system/platform.
8.7.0,true,process,process.real_group.name,keyword,extended,,,Name of the group.
8.7.0,true,process,process.real_user.id,keyword,core,,S-1-5-21-202424912787-2692429404-2351956786-1000,Unique identifier of the user.
8.7.0,true,process,process.real_user.name,keyword,core,,a.einstein,Short name or login of the user.
8.7.0,true,process,process.real_user.name.text,match_only_text,core,,a.einstein,Short name or login of the user.
8.7.0,true,process,process.saved_group.id,keyword,extended,,,Unique identifier for the group on the system/platform.
8.7.0,true,process,process.saved_group.name,keyword,extended,,,Name of the group.
8.7.0,true,process,process.saved_user.id,keyword,core,,S-1-5-21-202424912787-2692429404-2351956786-1000,Unique identifier of the user.
8.7.0,true,process,process.saved_user.name,keyword,core,,a.einstein,Short name or login of the user.
8.7.0,true,process,process.saved_user.name.text,match_only_text,core,,a.einstein,Short name or login of the user.
8.7.0,true,process,process.session_leader.args,keyword,extended,array,"[""/usr/bin/ssh"", ""-l"", ""user"", ""10.0.0.16""]",Array of process arguments.
8.7.0,true,process,process.session_leader.args_count,long,extended,,4,Length of the process.args array.
8.7.0,true,process,process.session_leader.command_line,wildcard,extended,,/usr/bin/ssh -l user 10.0.0.16,Full command line that started the process.
8.7.0,true,process,process.session_leader.command_line.text,match_only_text,extended,,/usr/bin/ssh -l user 10.0.0.16,Full command line that started the process.
8.7.0,true,process,process.session_leader.entity_id,keyword,extended,,c2c455d9f99375d,Unique identifier for the process.
8.7.0,true,process,process.session_leader.executable,keyword,extended,,/usr/bin/ssh,Absolute path to the process executable.
8.7.0,true,process,process.session_leader.executable.text,match_only_text,extended,,/usr/bin/ssh,Absolute path to the process executable.
8.7.0,true,process,process.session_leader.group.id,keyword,extended,,,Unique identifier for the group on the system/platform.
8.7.0,true,process,process.session_leader.group.name,keyword,extended,,,Name of the group.
8.7.0,true,process,process.session_leader.interactive,boolean,extended,,True,Whether the process is connected to an interactive shell.
8.7.0,true,process,process.session_leader.name,keyword,extended,,ssh,Process name.
8.7.0,true,process,process.session_leader.name.text,match_only_text,extended,,ssh,Process name.
8.7.0,true,process,process.session_leader.parent.entity_id,keyword,extended,,c2c455d9f99375d,Unique identifier for the process.
8.7.0,true,process,process.session_leader.parent.pid,long,core,,4242,Process id.
8.7.0,true,process,process.session_leader.parent.session_leader.entity_id,keyword,extended,,c2c455d9f99375d,Unique identifier for the process.
8.7.0,true,process,process.session_leader.parent.session_leader.pid,long,core,,4242,Process id.
8.7.0,true,process,process.session_leader.parent.session_leader.start,date,extended,,2016-05-23T08:05:34.853Z,The time the process started.
8.7.0,true,process,process.session_leader.parent.start,date,extended,,2016-05-23T08:05:34.853Z,The time the process started.
8.7.0,true,process,process.session_leader.pid,long,core,,4242,Process id.
8.7.0,true,process,process.session_leader.real_group.id,keyword,extended,,,Unique identifier for the group on the system/platform.
8.7.0,true,process,process.session_leader.real_group.name,keyword,extended,,,Name of the group.
8.7.0,true,process,process.session_leader.real_user.id,keyword,core,,S-1-5-21-202424912787-2692429404-2351956786-1000,Unique identifier of the user.
8.7.0,true,process,process.session_leader.real_user.name,keyword,core,,a.einstein,Short name or login of the user.
8.7.0,true,process,process.session_leader.real_user.name.text,match_only_text,core,,a.einstein,Short name or login of the user.
8.7.0,true,process,process.session_leader.same_as_process,boolean,extended,,True,This boolean is used to identify if a leader process is the same as the top level process.
8.7.0,true,process,process.session_leader.saved_group.id,keyword,extended,,,Unique identifier for the group on the system/platform.
8.7.0,true,process,process.session_leader.saved_group.name,keyword,extended,,,Name of the group.
8.7.0,true,process,process.session_leader.saved_user.id,keyword,core,,S-1-5-21-202424912787-2692429404-2351956786-1000,Unique identifier of the user.
8.7.0,true,process,process.session_leader.saved_user.name,keyword,core,,a.einstein,Short name or login of the user.
8.7.0,true,process,process.session_leader.saved_user.name.text,match_only_text,core,,a.einstein,Short name or login of the user.
8.7.0,true,process,process.session_leader.start,date,extended,,2016-05-23T08:05:34.853Z,The time the process started.
8.7.0,true,process,process.session_leader.supplemental_groups.id,keyword,extended,,,Unique identifier for the group on the system/platform.
8.7.0,true,process,process.session_leader.supplemental_groups.name,keyword,extended,,,Name of the group.
8.7.0,true,process,process.session_leader.tty,object,extended,,,Information about the controlling TTY device.
8.7.0,true,process,process.session_leader.tty.char_device.major,long,extended,,4,The TTY character device's major number.
8.7.0,true,process,process.session_leader.tty.char_device.minor,long,extended,,1,The TTY character device's minor number.
8.7.0,true,process,process.session_leader.user.id,keyword,core,,S-1-5-21-202424912787-2692429404-2351956786-1000,Unique identifier of the user.
8.7.0,true,process,process.session_leader.user.name,keyword,core,,a.einstein,Short name or login of the user.
8.7.0,true,process,process.session_leader.user.name.text,match_only_text,core,,a.einstein,Short name or login of the user.
8.7.0,true,process,process.session_leader.working_directory,keyword,extended,,/home/alice,The working directory of the process.
8.7.0,true,process,process.session_leader.working_directory.text,match_only_text,extended,,/home/alice,The working directory of the process.
8.7.0,true,process,process.start,date,extended,,2016-05-23T08:05:34.853Z,The time the process started.
8.7.0,true,process,process.supplemental_groups.id,keyword,extended,,,Unique identifier for the group on the system/platform.
8.7.0,true,process,process.supplemental_groups.name,keyword,extended,,,Name of the group.
8.7.0,true,process,process.thread.id,long,extended,,4242,Thread ID.
8.7.0,true,process,process.thread.name,keyword,extended,,thread-0,Thread name.
8.7.0,true,process,process.title,keyword,extended,,,Process title.
8.7.0,true,process,process.title.text,match_only_text,extended,,,Process title.
8.7.0,true,process,process.tty,object,extended,,,Information about the controlling TTY device.
8.7.0,true,process,process.tty.char_device.major,long,extended,,4,The TTY character device's major number.
8.7.0,true,process,process.tty.char_device.minor,long,extended,,1,The TTY character device's minor number.
8.7.0,true,process,process.tty.columns,long,extended,,80,The number of character columns per line. e.g terminal width
8.7.0,true,process,process.tty.rows,long,extended,,24,The number of character rows in the terminal. e.g terminal height
8.7.0,true,process,process.uptime,long,extended,,1325,Seconds the process has been up.
8.7.0,true,process,process.user.id,keyword,core,,S-1-5-21-202424912787-2692429404-2351956786-1000,Unique identifier of the user.
8.7.0,true,process,process.user.name,keyword,core,,a.einstein,Short name or login of the user.
8.7.0,true,process,process.user.name.text,match_only_text,core,,a.einstein,Short name or login of the user.
8.7.0,true,process,process.working_directory,keyword,extended,,/home/alice,The working directory of the process.
8.7.0,true,process,process.working_directory.text,match_only_text,extended,,/home/alice,The working directory of the process.
8.7.0,true,redcap,redcap.action,keyword,extended,,,action
8.7.0,true,redcap,redcap.log_view_id,unsigned_long,extended,,,log_view_id
8.7.0,true,redcap,redcap.miscellaneous,text,extended,,,extra information for the log entry
8.7.0,true,redcap,redcap.page,keyword,extended,,,redcat webpage
8.7.0,true,redcap,redcap.project_id,unsigned_long,extended,,,project id
8.7.0,true,redcap,redcap.session_id,keyword,extended,,,session id
8.7.0,true,redcap,redcap.user,keyword,extended,,,user
8.7.0,true,registry,registry.data.bytes,keyword,extended,,ZQBuAC0AVQBTAAAAZQBuAAAAAAA=,Original bytes written with base64 encoding.
8.7.0,true,registry,registry.data.strings,wildcard,core,array,"[""C:\rta\red_ttp\bin\myapp.exe""]",List of strings representing what was written to the registry.
8.7.0,true,registry,registry.data.type,keyword,core,,REG_SZ,Standard registry type for encoding contents
8.7.0,true,registry,registry.hive,keyword,core,,HKLM,Abbreviated name for the hive.
8.7.0,true,registry,registry.key,keyword,core,,SOFTWARE\Microsoft\Windows NT\CurrentVersion\Image File Execution Options\winword.exe,Hive-relative path of keys.
8.7.0,true,registry,registry.path,keyword,core,,HKLM\SOFTWARE\Microsoft\Windows NT\CurrentVersion\Image File Execution Options\winword.exe\Debugger,"Full path, including hive, key and value"
8.7.0,true,registry,registry.value,keyword,core,,Debugger,Name of the value written.
8.7.0,true,related,related.email,keyword,extended,array,,All the email identifiers seen on your event.
8.7.0,true,related,related.email.text,text,extended,,,All the email identifiers seen on your event.
8.7.0,true,related,related.hash,keyword,extended,array,,All the hashes seen on your event.
8.7.0,true,related,related.hosts,keyword,extended,"array, array",,All the host identifiers seen on your event.
8.7.0,true,related,related.hosts.text,text,extended,,,All the host identifiers seen on your event.
8.7.0,true,related,related.ip,ip,extended,array,,All of the IPs seen on your event.
8.7.0,true,related,related.pl,integer,extended,array,,All the PL levels seen in your event
8.7.0,true,related,related.port,long,extended,array,,All the network ports seen in your event
8.7.0,true,related,related.user,keyword,extended,array,,All the user names or other user identifiers seen on the event.
8.7.0,true,rule,rule.author,keyword,extended,array,"[""Star-Lord""]",Rule author
8.7.0,true,rule,rule.category,keyword,extended,,Attempted Information Leak,Rule category
8.7.0,true,rule,rule.description,keyword,extended,,Block requests to public DNS over HTTPS / TLS protocols,Rule description
8.7.0,true,rule,rule.id,keyword,extended,,101,Rule ID
8.7.0,true,rule,rule.license,keyword,extended,,Apache 2.0,Rule license
8.7.0,true,rule,rule.name,keyword,extended,,BLOCK_DNS_over_TLS,Rule name
8.7.0,true,rule,rule.reference,keyword,extended,,https://en.wikipedia.org/wiki/DNS_over_TLS,Rule reference URL
8.7.0,true,rule,rule.ruleset,keyword,extended,,Standard_Protocol_Filters,Rule ruleset
8.7.0,true,rule,rule.uuid,keyword,extended,,1100110011,Rule UUID
8.7.0,true,rule,rule.version,keyword,extended,,1.1,Rule version
8.7.0,true,server,server.address,keyword,extended,,,Server network address.
8.7.0,true,server,server.as.number,long,extended,,15169,Unique number allocated to the autonomous system.
8.7.0,true,server,server.as.organization.name,keyword,extended,,Google LLC,Organization name.
8.7.0,true,server,server.as.organization.name.text,match_only_text,extended,,Google LLC,Organization name.
8.7.0,true,server,server.bytes,long,core,,184,Bytes sent from the server to the client.
8.7.0,true,server,server.domain,keyword,core,,foo.example.com,The domain name of the server.
8.7.0,true,server,server.geo.city_name,keyword,core,,Montreal,City name.
8.7.0,true,server,server.geo.continent_code,keyword,core,,NA,Continent code.
8.7.0,true,server,server.geo.continent_name,keyword,core,,North America,Name of the continent.
8.7.0,true,server,server.geo.country_iso_code,keyword,core,,CA,Country ISO code.
8.7.0,true,server,server.geo.country_name,keyword,core,,Canada,Country name.
8.7.0,true,server,server.geo.location,geo_point,core,,"{ ""lon"": -73.614830, ""lat"": 45.505918 }",Longitude and latitude.
8.7.0,true,server,server.geo.name,keyword,extended,,boston-dc,User-defined description of a location.
8.7.0,true,server,server.geo.postal_code,keyword,core,,94040,Postal code.
8.7.0,true,server,server.geo.region_iso_code,keyword,core,,CA-QC,Region ISO code.
8.7.0,true,server,server.geo.region_name,keyword,core,,Quebec,Region name.
8.7.0,true,server,server.geo.timezone,keyword,core,,America/Argentina/Buenos_Aires,Time zone.
8.7.0,true,server,server.ip,ip,core,,,IP address of the server.
8.7.0,true,server,server.mac,keyword,core,,00-00-5E-00-53-23,MAC address of the server.
8.7.0,true,server,server.nat.ip,ip,extended,,,Server NAT ip
8.7.0,true,server,server.nat.port,long,extended,,,Server NAT port
8.7.0,true,server,server.packets,long,core,,12,Packets sent from the server to the client.
8.7.0,true,server,server.port,long,core,,,Port of the server.
8.7.0,true,server,server.registered_domain,keyword,extended,,example.com,"The highest registered server domain, stripped of the subdomain."
8.7.0,true,server,server.subdomain,keyword,extended,,east,The subdomain of the domain.
8.7.0,true,server,server.top_level_domain,keyword,extended,,co.uk,"The effective top level domain (com, org, net, co.uk)."
8.7.0,true,server,server.user.domain,keyword,extended,,,Name of the directory the user is a member of.
8.7.0,true,server,server.user.email,keyword,extended,,,User email address.
8.7.0,true,server,server.user.full_name,keyword,extended,,Albert Einstein,"User's full name, if available."
8.7.0,true,server,server.user.full_name.text,match_only_text,extended,,Albert Einstein,"User's full name, if available."
8.7.0,true,server,server.user.group.domain,keyword,extended,,,Name of the directory the group is a member of.
8.7.0,true,server,server.user.group.id,keyword,extended,,,Unique identifier for the group on the system/platform.
8.7.0,true,server,server.user.group.name,keyword,extended,,,Name of the group.
8.7.0,true,server,server.user.hash,keyword,extended,,,Unique user hash to correlate information for a user in anonymized form.
8.7.0,true,server,server.user.id,keyword,core,,S-1-5-21-202424912787-2692429404-2351956786-1000,Unique identifier of the user.
8.7.0,true,server,server.user.name,keyword,core,,a.einstein,Short name or login of the user.
8.7.0,true,server,server.user.name.text,match_only_text,core,,a.einstein,Short name or login of the user.
8.7.0,true,server,server.user.roles,keyword,extended,array,"[""kibana_admin"", ""reporting_user""]",Array of user roles at the time of the event.
8.7.0,true,service,service.address,keyword,extended,,172.26.0.2:5432,Address of this service.
8.7.0,true,service,service.environment,keyword,extended,,production,Environment of the service.
8.7.0,true,service,service.ephemeral_id,keyword,extended,,8a4f500f,Ephemeral identifier of this service.
8.7.0,true,service,service.id,keyword,core,,d37e5ebfe0ae6c4972dbe9f0174a1637bb8247f6,Unique identifier of the running service.
8.7.0,true,service,service.name,keyword,core,,elasticsearch-metrics,Name of the service.
8.7.0,true,service,service.node.name,keyword,extended,,instance-0000000016,Name of the service node.
8.7.0,true,service,service.node.role,keyword,extended,,background_tasks,Deprecated role (singular) of the service node.
8.7.0,true,service,service.node.roles,keyword,extended,array,"[""ui"", ""background_tasks""]",Roles of the service node.
8.7.0,true,service,service.origin.address,keyword,extended,,172.26.0.2:5432,Address of this service.
8.7.0,true,service,service.origin.environment,keyword,extended,,production,Environment of the service.
8.7.0,true,service,service.origin.ephemeral_id,keyword,extended,,8a4f500f,Ephemeral identifier of this service.
8.7.0,true,service,service.origin.id,keyword,core,,d37e5ebfe0ae6c4972dbe9f0174a1637bb8247f6,Unique identifier of the running service.
8.7.0,true,service,service.origin.name,keyword,core,,elasticsearch-metrics,Name of the service.
8.7.0,true,service,service.origin.node.name,keyword,extended,,instance-0000000016,Name of the service node.
8.7.0,true,service,service.origin.node.role,keyword,extended,,background_tasks,Deprecated role (singular) of the service node.
8.7.0,true,service,service.origin.node.roles,keyword,extended,array,"[""ui"", ""background_tasks""]",Roles of the service node.
8.7.0,true,service,service.origin.state,keyword,core,,,Current state of the service.
8.7.0,true,service,service.origin.type,keyword,core,,elasticsearch,The type of the service.
8.7.0,true,service,service.origin.version,keyword,core,,3.2.4,Version of the service.
8.7.0,true,service,service.state,keyword,core,,,Current state of the service.
8.7.0,true,service,service.target.address,keyword,extended,,172.26.0.2:5432,Address of this service.
8.7.0,true,service,service.target.environment,keyword,extended,,production,Environment of the service.
8.7.0,true,service,service.target.ephemeral_id,keyword,extended,,8a4f500f,Ephemeral identifier of this service.
8.7.0,true,service,service.target.id,keyword,core,,d37e5ebfe0ae6c4972dbe9f0174a1637bb8247f6,Unique identifier of the running service.
8.7.0,true,service,service.target.name,keyword,core,,elasticsearch-metrics,Name of the service.
8.7.0,true,service,service.target.node.name,keyword,extended,,instance-0000000016,Name of the service node.
8.7.0,true,service,service.target.node.role,keyword,extended,,background_tasks,Deprecated role (singular) of the service node.
8.7.0,true,service,service.target.node.roles,keyword,extended,array,"[""ui"", ""background_tasks""]",Roles of the service node.
8.7.0,true,service,service.target.state,keyword,core,,,Current state of the service.
8.7.0,true,service,service.target.type,keyword,core,,elasticsearch,The type of the service.
8.7.0,true,service,service.target.version,keyword,core,,3.2.4,Version of the service.
8.7.0,true,service,service.type,keyword,core,,elasticsearch,The type of the service.
8.7.0,true,service,service.version,keyword,core,,3.2.4,Version of the service.
8.7.0,true,shibboleth,shibboleth.asserting.id,keyword,extended,,,The asserting ID
8.7.0,true,shibboleth,shibboleth.asserting.party,keyword,extended,,,The asserting party
8.7.0,true,shibboleth,shibboleth.attributes,keyword,extended,,,attributes
8.7.0,true,shibboleth,shibboleth.authentication,keyword,extended,,,authentication
8.7.0,true,shibboleth,shibboleth.binding.id,keyword,extended,,,response binding
8.7.0,true,shibboleth,shibboleth.profile,keyword,extended,,,profile
8.7.0,true,shibboleth,shibboleth.relying.party,keyword,extended,,,relying party
8.7.0,true,shibboleth,shibboleth.request.binding,keyword,extended,,,request binding
8.7.0,true,shibboleth,shibboleth.request.id,keyword,extended,,,request id
8.7.0,true,shibboleth,shibboleth.response.binding,keyword,extended,,,response binding
8.7.0,true,source,source.address,keyword,extended,,,Source network address.
8.7.0,true,source,source.as.number,long,extended,,15169,Unique number allocated to the autonomous system.
8.7.0,true,source,source.as.organization.name,keyword,extended,,Google LLC,Organization name.
8.7.0,true,source,source.as.organization.name.text,match_only_text,extended,,Google LLC,Organization name.
8.7.0,true,source,source.bytes,long,core,,184,Bytes sent from the source to the destination.
8.7.0,true,source,source.domain,keyword,core,,foo.example.com,The domain name of the source.
8.7.0,true,source,source.domain.text,text,core,,foo.example.com,The domain name of the source.
8.7.0,true,source,source.geo.city_name,keyword,core,,Montreal,City name.
8.7.0,true,source,source.geo.continent_code,keyword,core,,NA,Continent code.
8.7.0,true,source,source.geo.continent_name,keyword,core,,North America,Name of the continent.
8.7.0,true,source,source.geo.country_iso_code,keyword,core,,CA,Country ISO code.
8.7.0,true,source,source.geo.country_name,keyword,core,,Canada,Country name.
8.7.0,true,source,source.geo.location,geo_point,core,,"{ ""lon"": -73.614830, ""lat"": 45.505918 }",Longitude and latitude.
8.7.0,true,source,source.geo.name,keyword,extended,,boston-dc,User-defined description of a location.
8.7.0,true,source,source.geo.postal_code,keyword,core,,94040,Postal code.
8.7.0,true,source,source.geo.region_iso_code,keyword,core,,CA-QC,Region ISO code.
8.7.0,true,source,source.geo.region_name,keyword,core,,Quebec,Region name.
8.7.0,true,source,source.geo.timezone,keyword,core,,America/Argentina/Buenos_Aires,Time zone.
8.7.0,true,source,source.ip,ip,core,,,IP address of the source.
8.7.0,true,source,source.mac,keyword,core,,00-00-5E-00-53-23,MAC address of the source.
8.7.0,true,source,source.nat.ip,ip,extended,,,Source NAT ip
8.7.0,true,source,source.nat.port,long,extended,,,Source NAT port
8.7.0,true,source,source.packets,long,core,,12,Packets sent from the source to the destination.
8.7.0,true,source,source.port,long,core,,,Port of the source.
8.7.0,true,source,source.registered_domain,keyword,extended,,example.com,"The highest registered source domain, stripped of the subdomain."
8.7.0,true,source,source.subdomain,keyword,extended,,east,The subdomain of the domain.
8.7.0,true,source,source.top_level_domain,keyword,extended,,co.uk,"The effective top level domain (com, org, net, co.uk)."
8.7.0,true,source,source.user.domain,keyword,extended,,,Name of the directory the user is a member of.
8.7.0,true,source,source.user.email,keyword,extended,,,User email address.
8.7.0,true,source,source.user.full_name,keyword,extended,,Albert Einstein,"User's full name, if available."
8.7.0,true,source,source.user.full_name.text,match_only_text,extended,,Albert Einstein,"User's full name, if available."
8.7.0,true,source,source.user.group.domain,keyword,extended,,,Name of the directory the group is a member of.
8.7.0,true,source,source.user.group.id,keyword,extended,,,Unique identifier for the group on the system/platform.
8.7.0,true,source,source.user.group.name,keyword,extended,,,Name of the group.
8.7.0,true,source,source.user.hash,keyword,extended,,,Unique user hash to correlate information for a user in anonymized form.
8.7.0,true,source,source.user.id,keyword,core,,S-1-5-21-202424912787-2692429404-2351956786-1000,Unique identifier of the user.
8.7.0,true,source,source.user.name,keyword,core,,a.einstein,Short name or login of the user.
8.7.0,true,source,source.user.name.text,match_only_text,core,,a.einstein,Short name or login of the user.
8.7.0,true,source,source.user.roles,keyword,extended,array,"[""kibana_admin"", ""reporting_user""]",Array of user roles at the time of the event.
8.7.0,true,span,span.id,keyword,extended,,3ff9a8981b7ccd5a,Unique identifier of the span within the scope of its trace.
8.7.0,true,suricata,suricata.eve.alert.affected_product,keyword,extended,,,
8.7.0,true,suricata,suricata.eve.alert.attack_target,keyword,extended,,,
8.7.0,true,suricata,suricata.eve.alert.category,keyword,extended,,,
8.7.0,true,suricata,suricata.eve.alert.created_at,date,extended,,,
8.7.0,true,suricata,suricata.eve.alert.cve,keyword,extended,,,
8.7.0,true,suricata,suricata.eve.alert.deployment,keyword,extended,,,
8.7.0,true,suricata,suricata.eve.alert.former_category,keyword,extended,,,
8.7.0,true,suricata,suricata.eve.alert.gid,long,extended,,,
8.7.0,true,suricata,suricata.eve.alert.impact_flag,keyword,extended,,,
8.7.0,true,suricata,suricata.eve.alert.malware_family,keyword,extended,,,
8.7.0,true,suricata,suricata.eve.alert.performance_impact,keyword,extended,,,
8.7.0,true,suricata,suricata.eve.alert.policy,keyword,extended,,,
8.7.0,true,suricata,suricata.eve.alert.rev,long,extended,,,
8.7.0,true,suricata,suricata.eve.alert.service,keyword,extended,,,
8.7.0,true,suricata,suricata.eve.alert.signature,keyword,extended,,,
8.7.0,true,suricata,suricata.eve.alert.signature_id,long,extended,,,
8.7.0,true,suricata,suricata.eve.alert.signature_severity,keyword,extended,,,
8.7.0,true,suricata,suricata.eve.alert.tag,keyword,extended,,,
8.7.0,true,suricata,suricata.eve.alert.updated_at,date,extended,,,
8.7.0,true,suricata,suricata.eve.app_proto_tc,keyword,extended,,,
8.7.0,true,suricata,suricata.eve.app_proto_ts,keyword,extended,,,
8.7.0,true,suricata,suricata.eve.content_range.raw,keyword,extended,,,
8.7.0,true,suricata,suricata.eve.content_range.size,long,extended,,,
8.7.0,true,suricata,suricata.eve.dns.query.id,long,extended,,,
8.7.0,true,suricata,suricata.eve.dns.query.rrname,keyword,extended,,,
8.7.0,true,suricata,suricata.eve.dns.query.rrtype,keyword,extended,,,
8.7.0,true,suricata,suricata.eve.dns.query.tx_id,long,extended,,,
8.7.0,true,suricata,suricata.eve.dns.query.type,keyword,extended,,,
8.7.0,true,suricata,suricata.eve.email.from,keyword,extended,,,
8.7.0,true,suricata,suricata.eve.email.status,keyword,extended,,,
8.7.0,true,suricata,suricata.eve.email.to,keyword,extended,,,
8.7.0,true,suricata,suricata.eve.event_type,keyword,extended,,,
8.7.0,true,suricata,suricata.eve.flow_id,keyword,extended,,,
8.7.0,true,suricata,suricata.eve.flowbits,keyword,extended,,,
8.7.0,true,suricata,suricata.eve.host,keyword,extended,,,
8.7.0,true,suricata,suricata.eve.http.content_range.end,long,extended,,,
8.7.0,true,suricata,suricata.eve.http.protocol,keyword,extended,,,
8.7.0,true,suricata,suricata.eve.http.redirect,keyword,extended,,,
8.7.0,true,suricata,suricata.eve.http.xff,keyword,extended,,,
8.7.0,true,suricata,suricata.eve.http_content_type,keyword,extended,,,
8.7.0,true,suricata,suricata.eve.http_request_body,text,extended,,,
8.7.0,true,suricata,suricata.eve.http_request_body_printable,text,extended,,,
8.7.0,true,suricata,suricata.eve.http_response_body,text,extended,,,
8.7.0,true,suricata,suricata.eve.http_response_body_printable,text,extended,,,
8.7.0,true,suricata,suricata.eve.in_iface,keyword,extended,,,
8.7.0,true,suricata,suricata.eve.packet_info.linktype,keyword,extended,,,
8.7.0,true,suricata,suricata.eve.payload,text,extended,,,
8.7.0,true,suricata,suricata.eve.payload_printable,text,extended,,,
8.7.0,true,suricata,suricata.eve.smb.client_dialects,keyword,extended,,,
8.7.0,true,suricata,suricata.eve.smb.command,keyword,extended,,,
8.7.0,true,suricata,suricata.eve.smb.dialect,keyword,extended,,,
8.7.0,true,suricata,suricata.eve.smb.id,keyword,extended,,,
8.7.0,true,suricata,suricata.eve.smb.server_guid,keyword,extended,,,
8.7.0,true,suricata,suricata.eve.smb.session_id,keyword,extended,,,
8.7.0,true,suricata,suricata.eve.smb.tree_id,keyword,extended,,,
8.7.0,true,suricata,suricata.eve.smtp.helo,keyword,extended,,,
8.7.0,true,suricata,suricata.eve.smtp.mail_from,keyword,extended,,,
8.7.0,true,suricata,suricata.eve.smtp.rcpt_to,keyword,extended,,,
8.7.0,true,suricata,suricata.eve.ssh.server.proto_version,keyword,extended,,,
8.7.0,true,suricata,suricata.eve.ssh.server.software_version,keyword,extended,,,
8.7.0,true,suricata,suricata.eve.stream,keyword,extended,,,
8.7.0,true,suricata,suricata.eve.tls.fingerprint,keyword,extended,,,
8.7.0,true,suricata,suricata.eve.tls.issuerdn,keyword,extended,,,
8.7.0,true,suricata,suricata.eve.tls.ja3.hash,keyword,extended,,,
8.7.0,true,suricata,suricata.eve.tls.ja3.string,keyword,extended,,,
8.7.0,true,suricata,suricata.eve.tls.ja3s.hash,keyword,extended,,,
8.7.0,true,suricata,suricata.eve.tls.ja3s.string,keyword,extended,,,
8.7.0,true,suricata,suricata.eve.tls.notafter,date,extended,,,
8.7.0,true,suricata,suricata.eve.tls.notbefore,date,extended,,,
8.7.0,true,suricata,suricata.eve.tls.serial,keyword,extended,,,
8.7.0,true,suricata,suricata.eve.tls.session_resumed,boolean,extended,,,
8.7.0,true,suricata,suricata.eve.tls.sni,keyword,extended,,,
8.7.0,true,suricata,suricata.eve.tls.subject,keyword,extended,,,
8.7.0,true,suricata,suricata.eve.tls.version,keyword,extended,,,
8.7.0,true,suricata,suricata.eve.tx_id,long,extended,,,
8.7.0,true,system,system.auth.ssh.dropped_ip,ip,extended,,,The client IP from SSH connections that are open and immediately dropped.
8.7.0,true,system,system.auth.ssh.event,keyword,extended,,,"The SSH event as found in the logs (Accepted, Invalid, Failed, etc.)"
8.7.0,true,system,system.auth.ssh.method,keyword,extended,,,"The SSH authentication method. Can be one of ""password"" or ""publickey""."
8.7.0,true,system,system.auth.ssh.signature,keyword,extended,,,The signature of the client public key.
8.7.0,true,system,system.auth.sudo.command,keyword,extended,,,The command executed via sudo.
8.7.0,true,system,system.auth.sudo.error,keyword,extended,,,The error message in case the sudo command failed.
8.7.0,true,system,system.auth.sudo.pwd,keyword,extended,,,The current directory where the sudo command is executed.
8.7.0,true,system,system.auth.sudo.tty,keyword,extended,,,The TTY where the sudo command is executed.
8.7.0,true,system,system.auth.sudo.user,keyword,extended,,,The target user to which the sudo command is switching.
8.7.0,true,systemd,systemd.cgroup,keyword,extended,,,
8.7.0,true,systemd,systemd.custom,flattened,extended,,,
8.7.0,true,systemd,systemd.invocation_id,keyword,extended,,,
8.7.0,true,systemd,systemd.owner_uid,long,extended,,,
8.7.0,true,systemd,systemd.session,keyword,extended,,,
8.7.0,true,systemd,systemd.slice,keyword,extended,,,
8.7.0,true,systemd,systemd.transport,keyword,extended,,,
8.7.0,true,systemd,systemd.unit,keyword,extended,,,
8.7.0,true,systemd,systemd.user_slice,keyword,extended,,,
8.7.0,true,systemd,systemd.user_unit,keyword,extended,,,
8.7.0,true,threat,threat.enrichments,nested,extended,array,,List of objects containing indicators enriching the event.
8.7.0,true,threat,threat.enrichments.indicator,object,extended,,,Object containing indicators enriching the event.
8.7.0,true,threat,threat.enrichments.indicator.as.number,long,extended,,15169,Unique number allocated to the autonomous system.
8.7.0,true,threat,threat.enrichments.indicator.as.organization.name,keyword,extended,,Google LLC,Organization name.
8.7.0,true,threat,threat.enrichments.indicator.as.organization.name.text,match_only_text,extended,,Google LLC,Organization name.
8.7.0,true,threat,threat.enrichments.indicator.confidence,keyword,extended,,Medium,Indicator confidence rating
8.7.0,true,threat,threat.enrichments.indicator.description,keyword,extended,,IP x.x.x.x was observed delivering the Angler EK.,Indicator description
8.7.0,true,threat,threat.enrichments.indicator.email.address,keyword,extended,,phish@example.com,Indicator email address
8.7.0,true,threat,threat.enrichments.indicator.file.accessed,date,extended,,,Last time the file was accessed.
8.7.0,true,threat,threat.enrichments.indicator.file.attributes,keyword,extended,array,"[""readonly"", ""system""]",Array of file attributes.
8.7.0,true,threat,threat.enrichments.indicator.file.code_signature.digest_algorithm,keyword,extended,,sha256,Hashing algorithm used to sign the process.
8.7.0,true,threat,threat.enrichments.indicator.file.code_signature.exists,boolean,core,,true,Boolean to capture if a signature is present.
8.7.0,true,threat,threat.enrichments.indicator.file.code_signature.signing_id,keyword,extended,,com.apple.xpc.proxy,The identifier used to sign the process.
8.7.0,true,threat,threat.enrichments.indicator.file.code_signature.status,keyword,extended,,ERROR_UNTRUSTED_ROOT,Additional information about the certificate status.
8.7.0,true,threat,threat.enrichments.indicator.file.code_signature.subject_name,keyword,core,,Microsoft Corporation,Subject name of the code signer
8.7.0,true,threat,threat.enrichments.indicator.file.code_signature.team_id,keyword,extended,,EQHXZ8M8AV,The team identifier used to sign the process.
8.7.0,true,threat,threat.enrichments.indicator.file.code_signature.timestamp,date,extended,,2021-01-01T12:10:30Z,When the signature was generated and signed.
8.7.0,true,threat,threat.enrichments.indicator.file.code_signature.trusted,boolean,extended,,true,Stores the trust status of the certificate chain.
8.7.0,true,threat,threat.enrichments.indicator.file.code_signature.valid,boolean,extended,,true,Boolean to capture if the digital signature is verified against the binary content.
8.7.0,true,threat,threat.enrichments.indicator.file.created,date,extended,,,File creation time.
8.7.0,true,threat,threat.enrichments.indicator.file.ctime,date,extended,,,Last time the file attributes or metadata changed.
8.7.0,true,threat,threat.enrichments.indicator.file.device,keyword,extended,,sda,Device that is the source of the file.
8.7.0,true,threat,threat.enrichments.indicator.file.directory,keyword,extended,,/home/alice,Directory where the file is located.
8.7.0,true,threat,threat.enrichments.indicator.file.drive_letter,keyword,extended,,C,Drive letter where the file is located.
8.7.0,true,threat,threat.enrichments.indicator.file.elf.architecture,keyword,extended,,x86-64,Machine architecture of the ELF file.
8.7.0,true,threat,threat.enrichments.indicator.file.elf.byte_order,keyword,extended,,Little Endian,Byte sequence of ELF file.
8.7.0,true,threat,threat.enrichments.indicator.file.elf.cpu_type,keyword,extended,,Intel,CPU type of the ELF file.
8.7.0,true,threat,threat.enrichments.indicator.file.elf.creation_date,date,extended,,,Build or compile date.
8.7.0,true,threat,threat.enrichments.indicator.file.elf.exports,flattened,extended,array,,List of exported element names and types.
8.7.0,true,threat,threat.enrichments.indicator.file.elf.go_import_hash,keyword,extended,,10bddcb4cee42080f76c88d9ff964491,A hash of the Go language imports in an ELF file.
8.7.0,true,threat,threat.enrichments.indicator.file.elf.go_imports,flattened,extended,,,List of imported Go language element names and types.
8.7.0,true,threat,threat.enrichments.indicator.file.elf.go_imports_names_entropy,long,extended,,,Shannon entropy calculation from the list of Go imports.
8.7.0,true,threat,threat.enrichments.indicator.file.elf.go_imports_names_var_entropy,long,extended,,,Variance for Shannon entropy calculation from the list of Go imports.
8.7.0,true,threat,threat.enrichments.indicator.file.elf.go_stripped,boolean,extended,,,Whether the file is a stripped or obfuscated Go executable.
8.7.0,true,threat,threat.enrichments.indicator.file.elf.header.abi_version,keyword,extended,,,Version of the ELF Application Binary Interface (ABI).
8.7.0,true,threat,threat.enrichments.indicator.file.elf.header.class,keyword,extended,,,Header class of the ELF file.
8.7.0,true,threat,threat.enrichments.indicator.file.elf.header.data,keyword,extended,,,Data table of the ELF header.
8.7.0,true,threat,threat.enrichments.indicator.file.elf.header.entrypoint,long,extended,,,Header entrypoint of the ELF file.
8.7.0,true,threat,threat.enrichments.indicator.file.elf.header.object_version,keyword,extended,,,"""0x1"" for original ELF files."
8.7.0,true,threat,threat.enrichments.indicator.file.elf.header.os_abi,keyword,extended,,,Application Binary Interface (ABI) of the Linux OS.
8.7.0,true,threat,threat.enrichments.indicator.file.elf.header.type,keyword,extended,,,Header type of the ELF file.
8.7.0,true,threat,threat.enrichments.indicator.file.elf.header.version,keyword,extended,,,Version of the ELF header.
8.7.0,true,threat,threat.enrichments.indicator.file.elf.import_hash,keyword,extended,,d41d8cd98f00b204e9800998ecf8427e,A hash of the imports in an ELF file.
8.7.0,true,threat,threat.enrichments.indicator.file.elf.imports,flattened,extended,array,,List of imported element names and types.
8.7.0,true,threat,threat.enrichments.indicator.file.elf.imports_names_entropy,long,extended,,,Shannon entropy calculation from the list of imported element names and types.
8.7.0,true,threat,threat.enrichments.indicator.file.elf.imports_names_var_entropy,long,extended,,,Variance for Shannon entropy calculation from the list of imported element names and types.
8.7.0,true,threat,threat.enrichments.indicator.file.elf.sections,nested,extended,array,,Section information of the ELF file.
8.7.0,true,threat,threat.enrichments.indicator.file.elf.sections.chi2,long,extended,,,Chi-square probability distribution of the section.
8.7.0,true,threat,threat.enrichments.indicator.file.elf.sections.entropy,long,extended,,,Shannon entropy calculation from the section.
8.7.0,true,threat,threat.enrichments.indicator.file.elf.sections.flags,keyword,extended,,,ELF Section List flags.
8.7.0,true,threat,threat.enrichments.indicator.file.elf.sections.name,keyword,extended,,,ELF Section List name.
8.7.0,true,threat,threat.enrichments.indicator.file.elf.sections.physical_offset,keyword,extended,,,ELF Section List offset.
8.7.0,true,threat,threat.enrichments.indicator.file.elf.sections.physical_size,long,extended,,,ELF Section List physical size.
8.7.0,true,threat,threat.enrichments.indicator.file.elf.sections.type,keyword,extended,,,ELF Section List type.
8.7.0,true,threat,threat.enrichments.indicator.file.elf.sections.var_entropy,long,extended,,,Variance for Shannon entropy calculation from the section.
8.7.0,true,threat,threat.enrichments.indicator.file.elf.sections.virtual_address,long,extended,,,ELF Section List virtual address.
8.7.0,true,threat,threat.enrichments.indicator.file.elf.sections.virtual_size,long,extended,,,ELF Section List virtual size.
8.7.0,true,threat,threat.enrichments.indicator.file.elf.segments,nested,extended,array,,ELF object segment list.
8.7.0,true,threat,threat.enrichments.indicator.file.elf.segments.sections,keyword,extended,,,ELF object segment sections.
8.7.0,true,threat,threat.enrichments.indicator.file.elf.segments.type,keyword,extended,,,ELF object segment type.
8.7.0,true,threat,threat.enrichments.indicator.file.elf.shared_libraries,keyword,extended,array,,List of shared libraries used by this ELF object.
8.7.0,true,threat,threat.enrichments.indicator.file.elf.telfhash,keyword,extended,,,telfhash hash for ELF file.
8.7.0,true,threat,threat.enrichments.indicator.file.extension,keyword,extended,,png,"File extension, excluding the leading dot."
8.7.0,true,threat,threat.enrichments.indicator.file.fork_name,keyword,extended,,Zone.Identifer,A fork is additional data associated with a filesystem object.
8.7.0,true,threat,threat.enrichments.indicator.file.gid,keyword,extended,,1001,Primary group ID (GID) of the file.
8.7.0,true,threat,threat.enrichments.indicator.file.group,keyword,extended,,alice,Primary group name of the file.
8.7.0,true,threat,threat.enrichments.indicator.file.hash.md5,keyword,extended,,,MD5 hash.
8.7.0,true,threat,threat.enrichments.indicator.file.hash.sha1,keyword,extended,,,SHA1 hash.
8.7.0,true,threat,threat.enrichments.indicator.file.hash.sha256,keyword,extended,,,SHA256 hash.
8.7.0,true,threat,threat.enrichments.indicator.file.hash.sha384,keyword,extended,,,SHA384 hash.
8.7.0,true,threat,threat.enrichments.indicator.file.hash.sha512,keyword,extended,,,SHA512 hash.
8.7.0,true,threat,threat.enrichments.indicator.file.hash.ssdeep,keyword,extended,,,SSDEEP hash.
8.7.0,true,threat,threat.enrichments.indicator.file.hash.tlsh,keyword,extended,,,TLSH hash.
8.7.0,true,threat,threat.enrichments.indicator.file.inode,keyword,extended,,256383,Inode representing the file in the filesystem.
8.7.0,true,threat,threat.enrichments.indicator.file.mime_type,keyword,extended,,,"Media type of file, document, or arrangement of bytes."
8.7.0,true,threat,threat.enrichments.indicator.file.mode,keyword,extended,,0640,Mode of the file in octal representation.
8.7.0,true,threat,threat.enrichments.indicator.file.mtime,date,extended,,,Last time the file content was modified.
8.7.0,true,threat,threat.enrichments.indicator.file.name,keyword,extended,,example.png,"Name of the file including the extension, without the directory."
8.7.0,true,threat,threat.enrichments.indicator.file.offset,long,extended,,,The file offset
8.7.0,true,threat,threat.enrichments.indicator.file.owner,keyword,extended,,alice,File owner's username.
8.7.0,true,threat,threat.enrichments.indicator.file.path,keyword,extended,,/home/alice/example.png,"Full path to the file, including the file name."
8.7.0,true,threat,threat.enrichments.indicator.file.path.text,match_only_text,extended,,/home/alice/example.png,"Full path to the file, including the file name."
8.7.0,true,threat,threat.enrichments.indicator.file.pe.architecture,keyword,extended,,x64,CPU architecture target for the file.
8.7.0,true,threat,threat.enrichments.indicator.file.pe.company,keyword,extended,,Microsoft Corporation,"Internal company name of the file, provided at compile-time."
8.7.0,true,threat,threat.enrichments.indicator.file.pe.description,keyword,extended,,Paint,"Internal description of the file, provided at compile-time."
8.7.0,true,threat,threat.enrichments.indicator.file.pe.file_version,keyword,extended,,6.3.9600.17415,Process name.
8.7.0,true,threat,threat.enrichments.indicator.file.pe.go_import_hash,keyword,extended,,10bddcb4cee42080f76c88d9ff964491,A hash of the Go language imports in a PE file.
8.7.0,true,threat,threat.enrichments.indicator.file.pe.go_imports,flattened,extended,,,List of imported Go language element names and types.
8.7.0,true,threat,threat.enrichments.indicator.file.pe.go_imports_names_entropy,long,extended,,,Shannon entropy calculation from the list of Go imports.
8.7.0,true,threat,threat.enrichments.indicator.file.pe.go_imports_names_var_entropy,long,extended,,,Variance for Shannon entropy calculation from the list of Go imports.
8.7.0,true,threat,threat.enrichments.indicator.file.pe.go_stripped,boolean,extended,,,Whether the file is a stripped or obfuscated Go executable.
8.7.0,true,threat,threat.enrichments.indicator.file.pe.imphash,keyword,extended,,0c6803c4e922103c4dca5963aad36ddf,A hash of the imports in a PE file.
8.7.0,true,threat,threat.enrichments.indicator.file.pe.import_hash,keyword,extended,,d41d8cd98f00b204e9800998ecf8427e,A hash of the imports in a PE file.
8.7.0,true,threat,threat.enrichments.indicator.file.pe.imports,flattened,extended,array,,List of imported element names and types.
8.7.0,true,threat,threat.enrichments.indicator.file.pe.imports_names_entropy,long,extended,,,Shannon entropy calculation from the list of imported element names and types.
8.7.0,true,threat,threat.enrichments.indicator.file.pe.imports_names_var_entropy,long,extended,,,Variance for Shannon entropy calculation from the list of imported element names and types.
8.7.0,true,threat,threat.enrichments.indicator.file.pe.original_file_name,keyword,extended,,MSPAINT.EXE,"Internal name of the file, provided at compile-time."
8.7.0,true,threat,threat.enrichments.indicator.file.pe.pehash,keyword,extended,,73ff189b63cd6be375a7ff25179a38d347651975,A hash of the PE header and data from one or more PE sections.
8.7.0,true,threat,threat.enrichments.indicator.file.pe.product,keyword,extended,,Microsoft® Windows® Operating System,"Internal product name of the file, provided at compile-time."
8.7.0,true,threat,threat.enrichments.indicator.file.pe.sections,nested,extended,array,,Section information of the PE file.
8.7.0,true,threat,threat.enrichments.indicator.file.pe.sections.entropy,long,extended,,,Shannon entropy calculation from the section.
8.7.0,true,threat,threat.enrichments.indicator.file.pe.sections.name,keyword,extended,,,PE Section List name.
8.7.0,true,threat,threat.enrichments.indicator.file.pe.sections.physical_size,long,extended,,,PE Section List physical size.
8.7.0,true,threat,threat.enrichments.indicator.file.pe.sections.var_entropy,long,extended,,,Variance for Shannon entropy calculation from the section.
8.7.0,true,threat,threat.enrichments.indicator.file.pe.sections.virtual_size,long,extended,,,PE Section List virtual size. This is always the same as `physical_size`.
8.7.0,true,threat,threat.enrichments.indicator.file.size,long,extended,,16384,File size in bytes.
8.7.0,true,threat,threat.enrichments.indicator.file.target_path,keyword,extended,,,Target path for symlinks.
8.7.0,true,threat,threat.enrichments.indicator.file.target_path.text,match_only_text,extended,,,Target path for symlinks.
8.7.0,true,threat,threat.enrichments.indicator.file.type,keyword,extended,,file,"File type (file, dir, or symlink)."
8.7.0,true,threat,threat.enrichments.indicator.file.uid,keyword,extended,,1001,The user ID (UID) or security identifier (SID) of the file owner.
8.7.0,true,threat,threat.enrichments.indicator.file.x509.alternative_names,keyword,extended,array,*.elastic.co,List of subject alternative names (SAN).
8.7.0,true,threat,threat.enrichments.indicator.file.x509.issuer.common_name,keyword,extended,array,Example SHA2 High Assurance Server CA,List of common name (CN) of issuing certificate authority.
8.7.0,true,threat,threat.enrichments.indicator.file.x509.issuer.country,keyword,extended,array,US,List of country \(C) codes
8.7.0,true,threat,threat.enrichments.indicator.file.x509.issuer.distinguished_name,keyword,extended,,"C=US, O=Example Inc, OU=www.example.com, CN=Example SHA2 High Assurance Server CA",Distinguished name (DN) of issuing certificate authority.
8.7.0,true,threat,threat.enrichments.indicator.file.x509.issuer.locality,keyword,extended,array,Mountain View,List of locality names (L)
8.7.0,true,threat,threat.enrichments.indicator.file.x509.issuer.organization,keyword,extended,array,Example Inc,List of organizations (O) of issuing certificate authority.
8.7.0,true,threat,threat.enrichments.indicator.file.x509.issuer.organizational_unit,keyword,extended,array,www.example.com,List of organizational units (OU) of issuing certificate authority.
8.7.0,true,threat,threat.enrichments.indicator.file.x509.issuer.state_or_province,keyword,extended,array,California,"List of state or province names (ST, S, or P)"
8.7.0,true,threat,threat.enrichments.indicator.file.x509.not_after,date,extended,,2020-07-16T03:15:39Z,Time at which the certificate is no longer considered valid.
8.7.0,true,threat,threat.enrichments.indicator.file.x509.not_before,date,extended,,2019-08-16T01:40:25Z,Time at which the certificate is first considered valid.
8.7.0,true,threat,threat.enrichments.indicator.file.x509.public_key_algorithm,keyword,extended,,RSA,Algorithm used to generate the public key.
8.7.0,true,threat,threat.enrichments.indicator.file.x509.public_key_curve,keyword,extended,,nistp521,The curve used by the elliptic curve public key algorithm. This is algorithm specific.
8.7.0,false,threat,threat.enrichments.indicator.file.x509.public_key_exponent,long,extended,,65537,Exponent used to derive the public key. This is algorithm specific.
8.7.0,true,threat,threat.enrichments.indicator.file.x509.public_key_size,long,extended,,2048,The size of the public key space in bits.
8.7.0,true,threat,threat.enrichments.indicator.file.x509.serial_number,keyword,extended,,55FBB9C7DEBF09809D12CCAA,Unique serial number issued by the certificate authority.
8.7.0,true,threat,threat.enrichments.indicator.file.x509.signature_algorithm,keyword,extended,,SHA256-RSA,Identifier for certificate signature algorithm.
8.7.0,true,threat,threat.enrichments.indicator.file.x509.subject.common_name,keyword,extended,array,shared.global.example.net,List of common names (CN) of subject.
8.7.0,true,threat,threat.enrichments.indicator.file.x509.subject.country,keyword,extended,array,US,List of country \(C) code
8.7.0,true,threat,threat.enrichments.indicator.file.x509.subject.distinguished_name,keyword,extended,,"C=US, ST=California, L=San Francisco, O=Example, Inc., CN=shared.global.example.net",Distinguished name (DN) of the certificate subject entity.
8.7.0,true,threat,threat.enrichments.indicator.file.x509.subject.locality,keyword,extended,array,San Francisco,List of locality names (L)
8.7.0,true,threat,threat.enrichments.indicator.file.x509.subject.organization,keyword,extended,array,"Example, Inc.",List of organizations (O) of subject.
8.7.0,true,threat,threat.enrichments.indicator.file.x509.subject.organizational_unit,keyword,extended,array,,List of organizational units (OU) of subject.
8.7.0,true,threat,threat.enrichments.indicator.file.x509.subject.state_or_province,keyword,extended,array,California,"List of state or province names (ST, S, or P)"
8.7.0,true,threat,threat.enrichments.indicator.file.x509.version_number,keyword,extended,,3,Version of x509 format.
8.7.0,true,threat,threat.enrichments.indicator.first_seen,date,extended,,2020-11-05T17:25:47.000Z,Date/time indicator was first reported.
8.7.0,true,threat,threat.enrichments.indicator.geo.city_name,keyword,core,,Montreal,City name.
8.7.0,true,threat,threat.enrichments.indicator.geo.continent_code,keyword,core,,NA,Continent code.
8.7.0,true,threat,threat.enrichments.indicator.geo.continent_name,keyword,core,,North America,Name of the continent.
8.7.0,true,threat,threat.enrichments.indicator.geo.country_iso_code,keyword,core,,CA,Country ISO code.
8.7.0,true,threat,threat.enrichments.indicator.geo.country_name,keyword,core,,Canada,Country name.
8.7.0,true,threat,threat.enrichments.indicator.geo.location,geo_point,core,,"{ ""lon"": -73.614830, ""lat"": 45.505918 }",Longitude and latitude.
8.7.0,true,threat,threat.enrichments.indicator.geo.name,keyword,extended,,boston-dc,User-defined description of a location.
8.7.0,true,threat,threat.enrichments.indicator.geo.postal_code,keyword,core,,94040,Postal code.
8.7.0,true,threat,threat.enrichments.indicator.geo.region_iso_code,keyword,core,,CA-QC,Region ISO code.
8.7.0,true,threat,threat.enrichments.indicator.geo.region_name,keyword,core,,Quebec,Region name.
8.7.0,true,threat,threat.enrichments.indicator.geo.timezone,keyword,core,,America/Argentina/Buenos_Aires,Time zone.
8.7.0,true,threat,threat.enrichments.indicator.ip,ip,extended,,1.2.3.4,Indicator IP address
8.7.0,true,threat,threat.enrichments.indicator.last_seen,date,extended,,2020-11-05T17:25:47.000Z,Date/time indicator was last reported.
8.7.0,true,threat,threat.enrichments.indicator.marking.tlp,keyword,extended,,CLEAR,Indicator TLP marking
8.7.0,true,threat,threat.enrichments.indicator.marking.tlp_version,keyword,extended,,2.0,Indicator TLP version
8.7.0,true,threat,threat.enrichments.indicator.modified_at,date,extended,,2020-11-05T17:25:47.000Z,Date/time indicator was last updated.
8.7.0,true,threat,threat.enrichments.indicator.name,keyword,extended,,5.2.75.227,Indicator display name
8.7.0,true,threat,threat.enrichments.indicator.port,long,extended,,443,Indicator port
8.7.0,true,threat,threat.enrichments.indicator.provider,keyword,extended,,lrz_urlhaus,Indicator provider
8.7.0,true,threat,threat.enrichments.indicator.reference,keyword,extended,,https://system.example.com/indicator/0001234,Indicator reference URL
8.7.0,true,threat,threat.enrichments.indicator.registry.data.bytes,keyword,extended,,ZQBuAC0AVQBTAAAAZQBuAAAAAAA=,Original bytes written with base64 encoding.
8.7.0,true,threat,threat.enrichments.indicator.registry.data.strings,wildcard,core,array,"[""C:\rta\red_ttp\bin\myapp.exe""]",List of strings representing what was written to the registry.
8.7.0,true,threat,threat.enrichments.indicator.registry.data.type,keyword,core,,REG_SZ,Standard registry type for encoding contents
8.7.0,true,threat,threat.enrichments.indicator.registry.hive,keyword,core,,HKLM,Abbreviated name for the hive.
8.7.0,true,threat,threat.enrichments.indicator.registry.key,keyword,core,,SOFTWARE\Microsoft\Windows NT\CurrentVersion\Image File Execution Options\winword.exe,Hive-relative path of keys.
8.7.0,true,threat,threat.enrichments.indicator.registry.path,keyword,core,,HKLM\SOFTWARE\Microsoft\Windows NT\CurrentVersion\Image File Execution Options\winword.exe\Debugger,"Full path, including hive, key and value"
8.7.0,true,threat,threat.enrichments.indicator.registry.value,keyword,core,,Debugger,Name of the value written.
8.7.0,true,threat,threat.enrichments.indicator.scanner_stats,long,extended,,4,Scanner statistics
8.7.0,true,threat,threat.enrichments.indicator.sightings,long,extended,,20,Number of times indicator observed
8.7.0,true,threat,threat.enrichments.indicator.type,keyword,extended,,ipv4-addr,Type of indicator
8.7.0,true,threat,threat.enrichments.indicator.url.domain,keyword,extended,,www.elastic.co,Domain of the url.
8.7.0,true,threat,threat.enrichments.indicator.url.extension,keyword,extended,,png,"File extension from the request url, excluding the leading dot."
8.7.0,true,threat,threat.enrichments.indicator.url.fragment,keyword,extended,,,Portion of the url after the `#`.
8.7.0,true,threat,threat.enrichments.indicator.url.full,wildcard,extended,,https://www.elastic.co:443/search?q=elasticsearch#top,Full unparsed URL.
8.7.0,true,threat,threat.enrichments.indicator.url.full.text,match_only_text,extended,,https://www.elastic.co:443/search?q=elasticsearch#top,Full unparsed URL.
8.7.0,true,threat,threat.enrichments.indicator.url.original,wildcard,extended,,https://www.elastic.co:443/search?q=elasticsearch#top or /search?q=elasticsearch,Unmodified original url as seen in the event source.
8.7.0,true,threat,threat.enrichments.indicator.url.original.text,match_only_text,extended,,https://www.elastic.co:443/search?q=elasticsearch#top or /search?q=elasticsearch,Unmodified original url as seen in the event source.
8.7.0,true,threat,threat.enrichments.indicator.url.password,keyword,extended,,,Password of the request.
8.7.0,true,threat,threat.enrichments.indicator.url.path,wildcard,extended,,,"Path of the request, such as ""/search""."
8.7.0,true,threat,threat.enrichments.indicator.url.pl,integer,extended,,,Protect Level of URL
8.7.0,true,threat,threat.enrichments.indicator.url.port,long,extended,,443,"Port of the request, such as 443."
8.7.0,true,threat,threat.enrichments.indicator.url.query,keyword,extended,,,Query string of the request.
8.7.0,true,threat,threat.enrichments.indicator.url.registered_domain,keyword,extended,,example.com,"The highest registered url domain, stripped of the subdomain."
8.7.0,true,threat,threat.enrichments.indicator.url.scheme,keyword,extended,,https,Scheme of the url.
8.7.0,true,threat,threat.enrichments.indicator.url.subdomain,keyword,extended,,east,The subdomain of the domain.
8.7.0,true,threat,threat.enrichments.indicator.url.top_level_domain,keyword,extended,,co.uk,"The effective top level domain (com, org, net, co.uk)."
8.7.0,true,threat,threat.enrichments.indicator.url.username,keyword,extended,,,Username of the request.
8.7.0,true,threat,threat.enrichments.indicator.x509.alternative_names,keyword,extended,array,*.elastic.co,List of subject alternative names (SAN).
8.7.0,true,threat,threat.enrichments.indicator.x509.issuer.common_name,keyword,extended,array,Example SHA2 High Assurance Server CA,List of common name (CN) of issuing certificate authority.
8.7.0,true,threat,threat.enrichments.indicator.x509.issuer.country,keyword,extended,array,US,List of country \(C) codes
8.7.0,true,threat,threat.enrichments.indicator.x509.issuer.distinguished_name,keyword,extended,,"C=US, O=Example Inc, OU=www.example.com, CN=Example SHA2 High Assurance Server CA",Distinguished name (DN) of issuing certificate authority.
8.7.0,true,threat,threat.enrichments.indicator.x509.issuer.locality,keyword,extended,array,Mountain View,List of locality names (L)
8.7.0,true,threat,threat.enrichments.indicator.x509.issuer.organization,keyword,extended,array,Example Inc,List of organizations (O) of issuing certificate authority.
8.7.0,true,threat,threat.enrichments.indicator.x509.issuer.organizational_unit,keyword,extended,array,www.example.com,List of organizational units (OU) of issuing certificate authority.
8.7.0,true,threat,threat.enrichments.indicator.x509.issuer.state_or_province,keyword,extended,array,California,"List of state or province names (ST, S, or P)"
8.7.0,true,threat,threat.enrichments.indicator.x509.not_after,date,extended,,2020-07-16T03:15:39Z,Time at which the certificate is no longer considered valid.
8.7.0,true,threat,threat.enrichments.indicator.x509.not_before,date,extended,,2019-08-16T01:40:25Z,Time at which the certificate is first considered valid.
8.7.0,true,threat,threat.enrichments.indicator.x509.public_key_algorithm,keyword,extended,,RSA,Algorithm used to generate the public key.
8.7.0,true,threat,threat.enrichments.indicator.x509.public_key_curve,keyword,extended,,nistp521,The curve used by the elliptic curve public key algorithm. This is algorithm specific.
8.7.0,false,threat,threat.enrichments.indicator.x509.public_key_exponent,long,extended,,65537,Exponent used to derive the public key. This is algorithm specific.
8.7.0,true,threat,threat.enrichments.indicator.x509.public_key_size,long,extended,,2048,The size of the public key space in bits.
8.7.0,true,threat,threat.enrichments.indicator.x509.serial_number,keyword,extended,,55FBB9C7DEBF09809D12CCAA,Unique serial number issued by the certificate authority.
8.7.0,true,threat,threat.enrichments.indicator.x509.signature_algorithm,keyword,extended,,SHA256-RSA,Identifier for certificate signature algorithm.
8.7.0,true,threat,threat.enrichments.indicator.x509.subject.common_name,keyword,extended,array,shared.global.example.net,List of common names (CN) of subject.
8.7.0,true,threat,threat.enrichments.indicator.x509.subject.country,keyword,extended,array,US,List of country \(C) code
8.7.0,true,threat,threat.enrichments.indicator.x509.subject.distinguished_name,keyword,extended,,"C=US, ST=California, L=San Francisco, O=Example, Inc., CN=shared.global.example.net",Distinguished name (DN) of the certificate subject entity.
8.7.0,true,threat,threat.enrichments.indicator.x509.subject.locality,keyword,extended,array,San Francisco,List of locality names (L)
8.7.0,true,threat,threat.enrichments.indicator.x509.subject.organization,keyword,extended,array,"Example, Inc.",List of organizations (O) of subject.
8.7.0,true,threat,threat.enrichments.indicator.x509.subject.organizational_unit,keyword,extended,array,,List of organizational units (OU) of subject.
8.7.0,true,threat,threat.enrichments.indicator.x509.subject.state_or_province,keyword,extended,array,California,"List of state or province names (ST, S, or P)"
8.7.0,true,threat,threat.enrichments.indicator.x509.version_number,keyword,extended,,3,Version of x509 format.
8.7.0,true,threat,threat.enrichments.matched.atomic,keyword,extended,,bad-domain.com,Matched indicator value
8.7.0,true,threat,threat.enrichments.matched.field,keyword,extended,,file.hash.sha256,Matched indicator field
8.7.0,true,threat,threat.enrichments.matched.id,keyword,extended,,ff93aee5-86a1-4a61-b0e6-0cdc313d01b5,Matched indicator identifier
8.7.0,true,threat,threat.enrichments.matched.index,keyword,extended,,filebeat-8.0.0-2021.05.23-000011,Matched indicator index
8.7.0,true,threat,threat.enrichments.matched.occurred,date,extended,,2021-10-05T17:00:58.326Z,Date of match
8.7.0,true,threat,threat.enrichments.matched.type,keyword,extended,,indicator_match_rule,Type of indicator match
8.7.0,true,threat,threat.feed.dashboard_id,keyword,extended,,5ba16340-72e6-11eb-a3e3-b3cc7c78a70f,Feed dashboard ID.
8.7.0,true,threat,threat.feed.description,keyword,extended,,Threat feed from the AlienVault Open Threat eXchange network.,Description of the threat feed.
8.7.0,true,threat,threat.feed.name,keyword,extended,,AlienVault OTX,Name of the threat feed.
8.7.0,true,threat,threat.feed.reference,keyword,extended,,https://otx.alienvault.com,Reference for the threat feed.
8.7.0,true,threat,threat.framework,keyword,extended,,MITRE ATT&CK,Threat classification framework.
8.7.0,true,threat,threat.group.alias,keyword,extended,array,"[ ""Magecart Group 6"" ]",Alias of the group.
8.7.0,true,threat,threat.group.id,keyword,extended,,G0037,ID of the group.
8.7.0,true,threat,threat.group.name,keyword,extended,,FIN6,Name of the group.
8.7.0,true,threat,threat.group.reference,keyword,extended,,https://attack.mitre.org/groups/G0037/,Reference URL of the group.
8.7.0,true,threat,threat.indicator.as.number,long,extended,,15169,Unique number allocated to the autonomous system.
8.7.0,true,threat,threat.indicator.as.organization.name,keyword,extended,,Google LLC,Organization name.
8.7.0,true,threat,threat.indicator.as.organization.name.text,match_only_text,extended,,Google LLC,Organization name.
8.7.0,true,threat,threat.indicator.confidence,keyword,extended,,Medium,Indicator confidence rating
8.7.0,true,threat,threat.indicator.description,keyword,extended,,IP x.x.x.x was observed delivering the Angler EK.,Indicator description
8.7.0,true,threat,threat.indicator.email.address,keyword,extended,,phish@example.com,Indicator email address
8.7.0,true,threat,threat.indicator.file.accessed,date,extended,,,Last time the file was accessed.
8.7.0,true,threat,threat.indicator.file.attributes,keyword,extended,array,"[""readonly"", ""system""]",Array of file attributes.
8.7.0,true,threat,threat.indicator.file.code_signature.digest_algorithm,keyword,extended,,sha256,Hashing algorithm used to sign the process.
8.7.0,true,threat,threat.indicator.file.code_signature.exists,boolean,core,,true,Boolean to capture if a signature is present.
8.7.0,true,threat,threat.indicator.file.code_signature.signing_id,keyword,extended,,com.apple.xpc.proxy,The identifier used to sign the process.
8.7.0,true,threat,threat.indicator.file.code_signature.status,keyword,extended,,ERROR_UNTRUSTED_ROOT,Additional information about the certificate status.
8.7.0,true,threat,threat.indicator.file.code_signature.subject_name,keyword,core,,Microsoft Corporation,Subject name of the code signer
8.7.0,true,threat,threat.indicator.file.code_signature.team_id,keyword,extended,,EQHXZ8M8AV,The team identifier used to sign the process.
8.7.0,true,threat,threat.indicator.file.code_signature.timestamp,date,extended,,2021-01-01T12:10:30Z,When the signature was generated and signed.
8.7.0,true,threat,threat.indicator.file.code_signature.trusted,boolean,extended,,true,Stores the trust status of the certificate chain.
8.7.0,true,threat,threat.indicator.file.code_signature.valid,boolean,extended,,true,Boolean to capture if the digital signature is verified against the binary content.
8.7.0,true,threat,threat.indicator.file.created,date,extended,,,File creation time.
8.7.0,true,threat,threat.indicator.file.ctime,date,extended,,,Last time the file attributes or metadata changed.
8.7.0,true,threat,threat.indicator.file.device,keyword,extended,,sda,Device that is the source of the file.
8.7.0,true,threat,threat.indicator.file.directory,keyword,extended,,/home/alice,Directory where the file is located.
8.7.0,true,threat,threat.indicator.file.drive_letter,keyword,extended,,C,Drive letter where the file is located.
8.7.0,true,threat,threat.indicator.file.elf.architecture,keyword,extended,,x86-64,Machine architecture of the ELF file.
8.7.0,true,threat,threat.indicator.file.elf.byte_order,keyword,extended,,Little Endian,Byte sequence of ELF file.
8.7.0,true,threat,threat.indicator.file.elf.cpu_type,keyword,extended,,Intel,CPU type of the ELF file.
8.7.0,true,threat,threat.indicator.file.elf.creation_date,date,extended,,,Build or compile date.
8.7.0,true,threat,threat.indicator.file.elf.exports,flattened,extended,array,,List of exported element names and types.
8.7.0,true,threat,threat.indicator.file.elf.go_import_hash,keyword,extended,,10bddcb4cee42080f76c88d9ff964491,A hash of the Go language imports in an ELF file.
8.7.0,true,threat,threat.indicator.file.elf.go_imports,flattened,extended,,,List of imported Go language element names and types.
8.7.0,true,threat,threat.indicator.file.elf.go_imports_names_entropy,long,extended,,,Shannon entropy calculation from the list of Go imports.
8.7.0,true,threat,threat.indicator.file.elf.go_imports_names_var_entropy,long,extended,,,Variance for Shannon entropy calculation from the list of Go imports.
8.7.0,true,threat,threat.indicator.file.elf.go_stripped,boolean,extended,,,Whether the file is a stripped or obfuscated Go executable.
8.7.0,true,threat,threat.indicator.file.elf.header.abi_version,keyword,extended,,,Version of the ELF Application Binary Interface (ABI).
8.7.0,true,threat,threat.indicator.file.elf.header.class,keyword,extended,,,Header class of the ELF file.
8.7.0,true,threat,threat.indicator.file.elf.header.data,keyword,extended,,,Data table of the ELF header.
8.7.0,true,threat,threat.indicator.file.elf.header.entrypoint,long,extended,,,Header entrypoint of the ELF file.
8.7.0,true,threat,threat.indicator.file.elf.header.object_version,keyword,extended,,,"""0x1"" for original ELF files."
8.7.0,true,threat,threat.indicator.file.elf.header.os_abi,keyword,extended,,,Application Binary Interface (ABI) of the Linux OS.
8.7.0,true,threat,threat.indicator.file.elf.header.type,keyword,extended,,,Header type of the ELF file.
8.7.0,true,threat,threat.indicator.file.elf.header.version,keyword,extended,,,Version of the ELF header.
8.7.0,true,threat,threat.indicator.file.elf.import_hash,keyword,extended,,d41d8cd98f00b204e9800998ecf8427e,A hash of the imports in an ELF file.
8.7.0,true,threat,threat.indicator.file.elf.imports,flattened,extended,array,,List of imported element names and types.
8.7.0,true,threat,threat.indicator.file.elf.imports_names_entropy,long,extended,,,Shannon entropy calculation from the list of imported element names and types.
8.7.0,true,threat,threat.indicator.file.elf.imports_names_var_entropy,long,extended,,,Variance for Shannon entropy calculation from the list of imported element names and types.
8.7.0,true,threat,threat.indicator.file.elf.sections,nested,extended,array,,Section information of the ELF file.
8.7.0,true,threat,threat.indicator.file.elf.sections.chi2,long,extended,,,Chi-square probability distribution of the section.
8.7.0,true,threat,threat.indicator.file.elf.sections.entropy,long,extended,,,Shannon entropy calculation from the section.
8.7.0,true,threat,threat.indicator.file.elf.sections.flags,keyword,extended,,,ELF Section List flags.
8.7.0,true,threat,threat.indicator.file.elf.sections.name,keyword,extended,,,ELF Section List name.
8.7.0,true,threat,threat.indicator.file.elf.sections.physical_offset,keyword,extended,,,ELF Section List offset.
8.7.0,true,threat,threat.indicator.file.elf.sections.physical_size,long,extended,,,ELF Section List physical size.
8.7.0,true,threat,threat.indicator.file.elf.sections.type,keyword,extended,,,ELF Section List type.
8.7.0,true,threat,threat.indicator.file.elf.sections.var_entropy,long,extended,,,Variance for Shannon entropy calculation from the section.
8.7.0,true,threat,threat.indicator.file.elf.sections.virtual_address,long,extended,,,ELF Section List virtual address.
8.7.0,true,threat,threat.indicator.file.elf.sections.virtual_size,long,extended,,,ELF Section List virtual size.
8.7.0,true,threat,threat.indicator.file.elf.segments,nested,extended,array,,ELF object segment list.
8.7.0,true,threat,threat.indicator.file.elf.segments.sections,keyword,extended,,,ELF object segment sections.
8.7.0,true,threat,threat.indicator.file.elf.segments.type,keyword,extended,,,ELF object segment type.
8.7.0,true,threat,threat.indicator.file.elf.shared_libraries,keyword,extended,array,,List of shared libraries used by this ELF object.
8.7.0,true,threat,threat.indicator.file.elf.telfhash,keyword,extended,,,telfhash hash for ELF file.
8.7.0,true,threat,threat.indicator.file.extension,keyword,extended,,png,"File extension, excluding the leading dot."
8.7.0,true,threat,threat.indicator.file.fork_name,keyword,extended,,Zone.Identifer,A fork is additional data associated with a filesystem object.
8.7.0,true,threat,threat.indicator.file.gid,keyword,extended,,1001,Primary group ID (GID) of the file.
8.7.0,true,threat,threat.indicator.file.group,keyword,extended,,alice,Primary group name of the file.
8.7.0,true,threat,threat.indicator.file.hash.md5,keyword,extended,,,MD5 hash.
8.7.0,true,threat,threat.indicator.file.hash.sha1,keyword,extended,,,SHA1 hash.
8.7.0,true,threat,threat.indicator.file.hash.sha256,keyword,extended,,,SHA256 hash.
8.7.0,true,threat,threat.indicator.file.hash.sha384,keyword,extended,,,SHA384 hash.
8.7.0,true,threat,threat.indicator.file.hash.sha512,keyword,extended,,,SHA512 hash.
8.7.0,true,threat,threat.indicator.file.hash.ssdeep,keyword,extended,,,SSDEEP hash.
8.7.0,true,threat,threat.indicator.file.hash.tlsh,keyword,extended,,,TLSH hash.
8.7.0,true,threat,threat.indicator.file.inode,keyword,extended,,256383,Inode representing the file in the filesystem.
8.7.0,true,threat,threat.indicator.file.mime_type,keyword,extended,,,"Media type of file, document, or arrangement of bytes."
8.7.0,true,threat,threat.indicator.file.mode,keyword,extended,,0640,Mode of the file in octal representation.
8.7.0,true,threat,threat.indicator.file.mtime,date,extended,,,Last time the file content was modified.
8.7.0,true,threat,threat.indicator.file.name,keyword,extended,,example.png,"Name of the file including the extension, without the directory."
8.7.0,true,threat,threat.indicator.file.offset,long,extended,,,The file offset
8.7.0,true,threat,threat.indicator.file.owner,keyword,extended,,alice,File owner's username.
8.7.0,true,threat,threat.indicator.file.path,keyword,extended,,/home/alice/example.png,"Full path to the file, including the file name."
8.7.0,true,threat,threat.indicator.file.path.text,match_only_text,extended,,/home/alice/example.png,"Full path to the file, including the file name."
8.7.0,true,threat,threat.indicator.file.pe.architecture,keyword,extended,,x64,CPU architecture target for the file.
8.7.0,true,threat,threat.indicator.file.pe.company,keyword,extended,,Microsoft Corporation,"Internal company name of the file, provided at compile-time."
8.7.0,true,threat,threat.indicator.file.pe.description,keyword,extended,,Paint,"Internal description of the file, provided at compile-time."
8.7.0,true,threat,threat.indicator.file.pe.file_version,keyword,extended,,6.3.9600.17415,Process name.
8.7.0,true,threat,threat.indicator.file.pe.go_import_hash,keyword,extended,,10bddcb4cee42080f76c88d9ff964491,A hash of the Go language imports in a PE file.
8.7.0,true,threat,threat.indicator.file.pe.go_imports,flattened,extended,,,List of imported Go language element names and types.
8.7.0,true,threat,threat.indicator.file.pe.go_imports_names_entropy,long,extended,,,Shannon entropy calculation from the list of Go imports.
8.7.0,true,threat,threat.indicator.file.pe.go_imports_names_var_entropy,long,extended,,,Variance for Shannon entropy calculation from the list of Go imports.
8.7.0,true,threat,threat.indicator.file.pe.go_stripped,boolean,extended,,,Whether the file is a stripped or obfuscated Go executable.
8.7.0,true,threat,threat.indicator.file.pe.imphash,keyword,extended,,0c6803c4e922103c4dca5963aad36ddf,A hash of the imports in a PE file.
8.7.0,true,threat,threat.indicator.file.pe.import_hash,keyword,extended,,d41d8cd98f00b204e9800998ecf8427e,A hash of the imports in a PE file.
8.7.0,true,threat,threat.indicator.file.pe.imports,flattened,extended,array,,List of imported element names and types.
8.7.0,true,threat,threat.indicator.file.pe.imports_names_entropy,long,extended,,,Shannon entropy calculation from the list of imported element names and types.
8.7.0,true,threat,threat.indicator.file.pe.imports_names_var_entropy,long,extended,,,Variance for Shannon entropy calculation from the list of imported element names and types.
8.7.0,true,threat,threat.indicator.file.pe.original_file_name,keyword,extended,,MSPAINT.EXE,"Internal name of the file, provided at compile-time."
8.7.0,true,threat,threat.indicator.file.pe.pehash,keyword,extended,,73ff189b63cd6be375a7ff25179a38d347651975,A hash of the PE header and data from one or more PE sections.
8.7.0,true,threat,threat.indicator.file.pe.product,keyword,extended,,Microsoft® Windows® Operating System,"Internal product name of the file, provided at compile-time."
8.7.0,true,threat,threat.indicator.file.pe.sections,nested,extended,array,,Section information of the PE file.
8.7.0,true,threat,threat.indicator.file.pe.sections.entropy,long,extended,,,Shannon entropy calculation from the section.
8.7.0,true,threat,threat.indicator.file.pe.sections.name,keyword,extended,,,PE Section List name.
8.7.0,true,threat,threat.indicator.file.pe.sections.physical_size,long,extended,,,PE Section List physical size.
8.7.0,true,threat,threat.indicator.file.pe.sections.var_entropy,long,extended,,,Variance for Shannon entropy calculation from the section.
8.7.0,true,threat,threat.indicator.file.pe.sections.virtual_size,long,extended,,,PE Section List virtual size. This is always the same as `physical_size`.
8.7.0,true,threat,threat.indicator.file.size,long,extended,,16384,File size in bytes.
8.7.0,true,threat,threat.indicator.file.target_path,keyword,extended,,,Target path for symlinks.
8.7.0,true,threat,threat.indicator.file.target_path.text,match_only_text,extended,,,Target path for symlinks.
8.7.0,true,threat,threat.indicator.file.type,keyword,extended,,file,"File type (file, dir, or symlink)."
8.7.0,true,threat,threat.indicator.file.uid,keyword,extended,,1001,The user ID (UID) or security identifier (SID) of the file owner.
8.7.0,true,threat,threat.indicator.file.x509.alternative_names,keyword,extended,array,*.elastic.co,List of subject alternative names (SAN).
8.7.0,true,threat,threat.indicator.file.x509.issuer.common_name,keyword,extended,array,Example SHA2 High Assurance Server CA,List of common name (CN) of issuing certificate authority.
8.7.0,true,threat,threat.indicator.file.x509.issuer.country,keyword,extended,array,US,List of country \(C) codes
8.7.0,true,threat,threat.indicator.file.x509.issuer.distinguished_name,keyword,extended,,"C=US, O=Example Inc, OU=www.example.com, CN=Example SHA2 High Assurance Server CA",Distinguished name (DN) of issuing certificate authority.
8.7.0,true,threat,threat.indicator.file.x509.issuer.locality,keyword,extended,array,Mountain View,List of locality names (L)
8.7.0,true,threat,threat.indicator.file.x509.issuer.organization,keyword,extended,array,Example Inc,List of organizations (O) of issuing certificate authority.
8.7.0,true,threat,threat.indicator.file.x509.issuer.organizational_unit,keyword,extended,array,www.example.com,List of organizational units (OU) of issuing certificate authority.
8.7.0,true,threat,threat.indicator.file.x509.issuer.state_or_province,keyword,extended,array,California,"List of state or province names (ST, S, or P)"
8.7.0,true,threat,threat.indicator.file.x509.not_after,date,extended,,2020-07-16T03:15:39Z,Time at which the certificate is no longer considered valid.
8.7.0,true,threat,threat.indicator.file.x509.not_before,date,extended,,2019-08-16T01:40:25Z,Time at which the certificate is first considered valid.
8.7.0,true,threat,threat.indicator.file.x509.public_key_algorithm,keyword,extended,,RSA,Algorithm used to generate the public key.
8.7.0,true,threat,threat.indicator.file.x509.public_key_curve,keyword,extended,,nistp521,The curve used by the elliptic curve public key algorithm. This is algorithm specific.
8.7.0,false,threat,threat.indicator.file.x509.public_key_exponent,long,extended,,65537,Exponent used to derive the public key. This is algorithm specific.
8.7.0,true,threat,threat.indicator.file.x509.public_key_size,long,extended,,2048,The size of the public key space in bits.
8.7.0,true,threat,threat.indicator.file.x509.serial_number,keyword,extended,,55FBB9C7DEBF09809D12CCAA,Unique serial number issued by the certificate authority.
8.7.0,true,threat,threat.indicator.file.x509.signature_algorithm,keyword,extended,,SHA256-RSA,Identifier for certificate signature algorithm.
8.7.0,true,threat,threat.indicator.file.x509.subject.common_name,keyword,extended,array,shared.global.example.net,List of common names (CN) of subject.
8.7.0,true,threat,threat.indicator.file.x509.subject.country,keyword,extended,array,US,List of country \(C) code
8.7.0,true,threat,threat.indicator.file.x509.subject.distinguished_name,keyword,extended,,"C=US, ST=California, L=San Francisco, O=Example, Inc., CN=shared.global.example.net",Distinguished name (DN) of the certificate subject entity.
8.7.0,true,threat,threat.indicator.file.x509.subject.locality,keyword,extended,array,San Francisco,List of locality names (L)
8.7.0,true,threat,threat.indicator.file.x509.subject.organization,keyword,extended,array,"Example, Inc.",List of organizations (O) of subject.
8.7.0,true,threat,threat.indicator.file.x509.subject.organizational_unit,keyword,extended,array,,List of organizational units (OU) of subject.
8.7.0,true,threat,threat.indicator.file.x509.subject.state_or_province,keyword,extended,array,California,"List of state or province names (ST, S, or P)"
8.7.0,true,threat,threat.indicator.file.x509.version_number,keyword,extended,,3,Version of x509 format.
8.7.0,true,threat,threat.indicator.first_seen,date,extended,,2020-11-05T17:25:47.000Z,Date/time indicator was first reported.
8.7.0,true,threat,threat.indicator.geo.city_name,keyword,core,,Montreal,City name.
8.7.0,true,threat,threat.indicator.geo.continent_code,keyword,core,,NA,Continent code.
8.7.0,true,threat,threat.indicator.geo.continent_name,keyword,core,,North America,Name of the continent.
8.7.0,true,threat,threat.indicator.geo.country_iso_code,keyword,core,,CA,Country ISO code.
8.7.0,true,threat,threat.indicator.geo.country_name,keyword,core,,Canada,Country name.
8.7.0,true,threat,threat.indicator.geo.location,geo_point,core,,"{ ""lon"": -73.614830, ""lat"": 45.505918 }",Longitude and latitude.
8.7.0,true,threat,threat.indicator.geo.name,keyword,extended,,boston-dc,User-defined description of a location.
8.7.0,true,threat,threat.indicator.geo.postal_code,keyword,core,,94040,Postal code.
8.7.0,true,threat,threat.indicator.geo.region_iso_code,keyword,core,,CA-QC,Region ISO code.
8.7.0,true,threat,threat.indicator.geo.region_name,keyword,core,,Quebec,Region name.
8.7.0,true,threat,threat.indicator.geo.timezone,keyword,core,,America/Argentina/Buenos_Aires,Time zone.
8.7.0,true,threat,threat.indicator.ip,ip,extended,,1.2.3.4,Indicator IP address
8.7.0,true,threat,threat.indicator.last_seen,date,extended,,2020-11-05T17:25:47.000Z,Date/time indicator was last reported.
8.7.0,true,threat,threat.indicator.marking.tlp,keyword,extended,,CLEAR,Indicator TLP marking
8.7.0,true,threat,threat.indicator.marking.tlp_version,keyword,extended,,2.0,Indicator TLP version
8.7.0,true,threat,threat.indicator.modified_at,date,extended,,2020-11-05T17:25:47.000Z,Date/time indicator was last updated.
8.7.0,true,threat,threat.indicator.name,keyword,extended,,5.2.75.227,Indicator display name
8.7.0,true,threat,threat.indicator.port,long,extended,,443,Indicator port
8.7.0,true,threat,threat.indicator.provider,keyword,extended,,lrz_urlhaus,Indicator provider
8.7.0,true,threat,threat.indicator.reference,keyword,extended,,https://system.example.com/indicator/0001234,Indicator reference URL
8.7.0,true,threat,threat.indicator.registry.data.bytes,keyword,extended,,ZQBuAC0AVQBTAAAAZQBuAAAAAAA=,Original bytes written with base64 encoding.
8.7.0,true,threat,threat.indicator.registry.data.strings,wildcard,core,array,"[""C:\rta\red_ttp\bin\myapp.exe""]",List of strings representing what was written to the registry.
8.7.0,true,threat,threat.indicator.registry.data.type,keyword,core,,REG_SZ,Standard registry type for encoding contents
8.7.0,true,threat,threat.indicator.registry.hive,keyword,core,,HKLM,Abbreviated name for the hive.
8.7.0,true,threat,threat.indicator.registry.key,keyword,core,,SOFTWARE\Microsoft\Windows NT\CurrentVersion\Image File Execution Options\winword.exe,Hive-relative path of keys.
8.7.0,true,threat,threat.indicator.registry.path,keyword,core,,HKLM\SOFTWARE\Microsoft\Windows NT\CurrentVersion\Image File Execution Options\winword.exe\Debugger,"Full path, including hive, key and value"
8.7.0,true,threat,threat.indicator.registry.value,keyword,core,,Debugger,Name of the value written.
8.7.0,true,threat,threat.indicator.scanner_stats,long,extended,,4,Scanner statistics
8.7.0,true,threat,threat.indicator.sightings,long,extended,,20,Number of times indicator observed
8.7.0,true,threat,threat.indicator.type,keyword,extended,,ipv4-addr,Type of indicator
8.7.0,true,threat,threat.indicator.url.domain,keyword,extended,,www.elastic.co,Domain of the url.
8.7.0,true,threat,threat.indicator.url.extension,keyword,extended,,png,"File extension from the request url, excluding the leading dot."
8.7.0,true,threat,threat.indicator.url.fragment,keyword,extended,,,Portion of the url after the `#`.
8.7.0,true,threat,threat.indicator.url.full,wildcard,extended,,https://www.elastic.co:443/search?q=elasticsearch#top,Full unparsed URL.
8.7.0,true,threat,threat.indicator.url.full.text,match_only_text,extended,,https://www.elastic.co:443/search?q=elasticsearch#top,Full unparsed URL.
8.7.0,true,threat,threat.indicator.url.original,wildcard,extended,,https://www.elastic.co:443/search?q=elasticsearch#top or /search?q=elasticsearch,Unmodified original url as seen in the event source.
8.7.0,true,threat,threat.indicator.url.original.text,match_only_text,extended,,https://www.elastic.co:443/search?q=elasticsearch#top or /search?q=elasticsearch,Unmodified original url as seen in the event source.
8.7.0,true,threat,threat.indicator.url.password,keyword,extended,,,Password of the request.
8.7.0,true,threat,threat.indicator.url.path,wildcard,extended,,,"Path of the request, such as ""/search""."
8.7.0,true,threat,threat.indicator.url.pl,integer,extended,,,Protect Level of URL
8.7.0,true,threat,threat.indicator.url.port,long,extended,,443,"Port of the request, such as 443."
8.7.0,true,threat,threat.indicator.url.query,keyword,extended,,,Query string of the request.
8.7.0,true,threat,threat.indicator.url.registered_domain,keyword,extended,,example.com,"The highest registered url domain, stripped of the subdomain."
8.7.0,true,threat,threat.indicator.url.scheme,keyword,extended,,https,Scheme of the url.
8.7.0,true,threat,threat.indicator.url.subdomain,keyword,extended,,east,The subdomain of the domain.
8.7.0,true,threat,threat.indicator.url.top_level_domain,keyword,extended,,co.uk,"The effective top level domain (com, org, net, co.uk)."
8.7.0,true,threat,threat.indicator.url.username,keyword,extended,,,Username of the request.
8.7.0,true,threat,threat.indicator.x509.alternative_names,keyword,extended,array,*.elastic.co,List of subject alternative names (SAN).
8.7.0,true,threat,threat.indicator.x509.issuer.common_name,keyword,extended,array,Example SHA2 High Assurance Server CA,List of common name (CN) of issuing certificate authority.
8.7.0,true,threat,threat.indicator.x509.issuer.country,keyword,extended,array,US,List of country \(C) codes
8.7.0,true,threat,threat.indicator.x509.issuer.distinguished_name,keyword,extended,,"C=US, O=Example Inc, OU=www.example.com, CN=Example SHA2 High Assurance Server CA",Distinguished name (DN) of issuing certificate authority.
8.7.0,true,threat,threat.indicator.x509.issuer.locality,keyword,extended,array,Mountain View,List of locality names (L)
8.7.0,true,threat,threat.indicator.x509.issuer.organization,keyword,extended,array,Example Inc,List of organizations (O) of issuing certificate authority.
8.7.0,true,threat,threat.indicator.x509.issuer.organizational_unit,keyword,extended,array,www.example.com,List of organizational units (OU) of issuing certificate authority.
8.7.0,true,threat,threat.indicator.x509.issuer.state_or_province,keyword,extended,array,California,"List of state or province names (ST, S, or P)"
8.7.0,true,threat,threat.indicator.x509.not_after,date,extended,,2020-07-16T03:15:39Z,Time at which the certificate is no longer considered valid.
8.7.0,true,threat,threat.indicator.x509.not_before,date,extended,,2019-08-16T01:40:25Z,Time at which the certificate is first considered valid.
8.7.0,true,threat,threat.indicator.x509.public_key_algorithm,keyword,extended,,RSA,Algorithm used to generate the public key.
8.7.0,true,threat,threat.indicator.x509.public_key_curve,keyword,extended,,nistp521,The curve used by the elliptic curve public key algorithm. This is algorithm specific.
8.7.0,false,threat,threat.indicator.x509.public_key_exponent,long,extended,,65537,Exponent used to derive the public key. This is algorithm specific.
8.7.0,true,threat,threat.indicator.x509.public_key_size,long,extended,,2048,The size of the public key space in bits.
8.7.0,true,threat,threat.indicator.x509.serial_number,keyword,extended,,55FBB9C7DEBF09809D12CCAA,Unique serial number issued by the certificate authority.
8.7.0,true,threat,threat.indicator.x509.signature_algorithm,keyword,extended,,SHA256-RSA,Identifier for certificate signature algorithm.
8.7.0,true,threat,threat.indicator.x509.subject.common_name,keyword,extended,array,shared.global.example.net,List of common names (CN) of subject.
8.7.0,true,threat,threat.indicator.x509.subject.country,keyword,extended,array,US,List of country \(C) code
8.7.0,true,threat,threat.indicator.x509.subject.distinguished_name,keyword,extended,,"C=US, ST=California, L=San Francisco, O=Example, Inc., CN=shared.global.example.net",Distinguished name (DN) of the certificate subject entity.
8.7.0,true,threat,threat.indicator.x509.subject.locality,keyword,extended,array,San Francisco,List of locality names (L)
8.7.0,true,threat,threat.indicator.x509.subject.organization,keyword,extended,array,"Example, Inc.",List of organizations (O) of subject.
8.7.0,true,threat,threat.indicator.x509.subject.organizational_unit,keyword,extended,array,,List of organizational units (OU) of subject.
8.7.0,true,threat,threat.indicator.x509.subject.state_or_province,keyword,extended,array,California,"List of state or province names (ST, S, or P)"
8.7.0,true,threat,threat.indicator.x509.version_number,keyword,extended,,3,Version of x509 format.
8.7.0,true,threat,threat.software.alias,keyword,extended,array,"[ ""X-Agent"" ]",Alias of the software
8.7.0,true,threat,threat.software.id,keyword,extended,,S0552,ID of the software
8.7.0,true,threat,threat.software.name,keyword,extended,,AdFind,Name of the software.
8.7.0,true,threat,threat.software.platforms,keyword,extended,array,"[ ""Windows"" ]",Platforms of the software.
8.7.0,true,threat,threat.software.reference,keyword,extended,,https://attack.mitre.org/software/S0552/,Software reference URL.
8.7.0,true,threat,threat.software.type,keyword,extended,,Tool,Software type.
8.7.0,true,threat,threat.tactic.id,keyword,extended,array,TA0002,Threat tactic id.
8.7.0,true,threat,threat.tactic.name,keyword,extended,array,Execution,Threat tactic.
8.7.0,true,threat,threat.tactic.reference,keyword,extended,array,https://attack.mitre.org/tactics/TA0002/,Threat tactic URL reference.
8.7.0,true,threat,threat.technique.id,keyword,extended,array,T1059,Threat technique id.
8.7.0,true,threat,threat.technique.name,keyword,extended,array,Command and Scripting Interpreter,Threat technique name.
8.7.0,true,threat,threat.technique.name.text,match_only_text,extended,,Command and Scripting Interpreter,Threat technique name.
8.7.0,true,threat,threat.technique.reference,keyword,extended,array,https://attack.mitre.org/techniques/T1059/,Threat technique URL reference.
8.7.0,true,threat,threat.technique.subtechnique.id,keyword,extended,array,T1059.001,Threat subtechnique id.
8.7.0,true,threat,threat.technique.subtechnique.name,keyword,extended,array,PowerShell,Threat subtechnique name.
8.7.0,true,threat,threat.technique.subtechnique.name.text,match_only_text,extended,,PowerShell,Threat subtechnique name.
8.7.0,true,threat,threat.technique.subtechnique.reference,keyword,extended,array,https://attack.mitre.org/techniques/T1059/001/,Threat subtechnique URL reference.
8.7.0,true,ticket,ticket.st,keyword,extended,,,Service Ticket
8.7.0,true,ticket,ticket.tgt,keyword,extended,,,Ticket Granting Ticket
8.7.0,true,tls,tls.cipher,keyword,extended,,TLS_ECDHE_RSA_WITH_AES_128_CBC_SHA256,String indicating the cipher used during the current connection.
8.7.0,true,tls,tls.client.certificate,keyword,extended,,MII...,PEM-encoded stand-alone certificate offered by the client.
8.7.0,true,tls,tls.client.certificate_chain,keyword,extended,array,"[""MII..."", ""MII...""]",Array of PEM-encoded certificates that make up the certificate chain offered by the client.
8.7.0,true,tls,tls.client.hash.md5,keyword,extended,,0F76C7F2C55BFD7D8E8B8F4BFBF0C9EC,Certificate fingerprint using the MD5 digest of DER-encoded version of certificate offered by the client.
8.7.0,true,tls,tls.client.hash.sha1,keyword,extended,,9E393D93138888D288266C2D915214D1D1CCEB2A,Certificate fingerprint using the SHA1 digest of DER-encoded version of certificate offered by the client.
8.7.0,true,tls,tls.client.hash.sha256,keyword,extended,,0687F666A054EF17A08E2F2162EAB4CBC0D265E1D7875BE74BF3C712CA92DAF0,Certificate fingerprint using the SHA256 digest of DER-encoded version of certificate offered by the client.
8.7.0,true,tls,tls.client.issuer,keyword,extended,,"CN=Example Root CA, OU=Infrastructure Team, DC=example, DC=com",Distinguished name of subject of the issuer of the x.509 certificate presented by the client.
8.7.0,true,tls,tls.client.ja3,keyword,extended,,d4e5b18d6b55c71272893221c96ba240,A hash that identifies clients based on how they perform an SSL/TLS handshake.
8.7.0,true,tls,tls.client.not_after,date,extended,,2021-01-01T00:00:00.000Z,Date/Time indicating when client certificate is no longer considered valid.
8.7.0,true,tls,tls.client.not_before,date,extended,,1970-01-01T00:00:00.000Z,Date/Time indicating when client certificate is first considered valid.
8.7.0,true,tls,tls.client.server_name,keyword,extended,,www.elastic.co,Hostname the client is trying to connect to. Also called the SNI.
8.7.0,true,tls,tls.client.subject,keyword,extended,,"CN=myclient, OU=Documentation Team, DC=example, DC=com",Distinguished name of subject of the x.509 certificate presented by the client.
8.7.0,true,tls,tls.client.supported_ciphers,keyword,extended,array,"[""TLS_ECDHE_RSA_WITH_AES_256_GCM_SHA384"", ""TLS_ECDHE_ECDSA_WITH_AES_256_GCM_SHA384"", ""...""]",Array of ciphers offered by the client during the client hello.
8.7.0,true,tls,tls.client.x509.alternative_names,keyword,extended,array,*.elastic.co,List of subject alternative names (SAN).
8.7.0,true,tls,tls.client.x509.issuer.common_name,keyword,extended,array,Example SHA2 High Assurance Server CA,List of common name (CN) of issuing certificate authority.
8.7.0,true,tls,tls.client.x509.issuer.country,keyword,extended,array,US,List of country \(C) codes
8.7.0,true,tls,tls.client.x509.issuer.distinguished_name,keyword,extended,,"C=US, O=Example Inc, OU=www.example.com, CN=Example SHA2 High Assurance Server CA",Distinguished name (DN) of issuing certificate authority.
8.7.0,true,tls,tls.client.x509.issuer.locality,keyword,extended,array,Mountain View,List of locality names (L)
8.7.0,true,tls,tls.client.x509.issuer.organization,keyword,extended,array,Example Inc,List of organizations (O) of issuing certificate authority.
8.7.0,true,tls,tls.client.x509.issuer.organizational_unit,keyword,extended,array,www.example.com,List of organizational units (OU) of issuing certificate authority.
8.7.0,true,tls,tls.client.x509.issuer.state_or_province,keyword,extended,array,California,"List of state or province names (ST, S, or P)"
8.7.0,true,tls,tls.client.x509.not_after,date,extended,,2020-07-16T03:15:39Z,Time at which the certificate is no longer considered valid.
8.7.0,true,tls,tls.client.x509.not_before,date,extended,,2019-08-16T01:40:25Z,Time at which the certificate is first considered valid.
8.7.0,true,tls,tls.client.x509.public_key_algorithm,keyword,extended,,RSA,Algorithm used to generate the public key.
8.7.0,true,tls,tls.client.x509.public_key_curve,keyword,extended,,nistp521,The curve used by the elliptic curve public key algorithm. This is algorithm specific.
8.7.0,false,tls,tls.client.x509.public_key_exponent,long,extended,,65537,Exponent used to derive the public key. This is algorithm specific.
8.7.0,true,tls,tls.client.x509.public_key_size,long,extended,,2048,The size of the public key space in bits.
8.7.0,true,tls,tls.client.x509.serial_number,keyword,extended,,55FBB9C7DEBF09809D12CCAA,Unique serial number issued by the certificate authority.
8.7.0,true,tls,tls.client.x509.signature_algorithm,keyword,extended,,SHA256-RSA,Identifier for certificate signature algorithm.
8.7.0,true,tls,tls.client.x509.subject.common_name,keyword,extended,array,shared.global.example.net,List of common names (CN) of subject.
8.7.0,true,tls,tls.client.x509.subject.country,keyword,extended,array,US,List of country \(C) code
8.7.0,true,tls,tls.client.x509.subject.distinguished_name,keyword,extended,,"C=US, ST=California, L=San Francisco, O=Example, Inc., CN=shared.global.example.net",Distinguished name (DN) of the certificate subject entity.
8.7.0,true,tls,tls.client.x509.subject.locality,keyword,extended,array,San Francisco,List of locality names (L)
8.7.0,true,tls,tls.client.x509.subject.organization,keyword,extended,array,"Example, Inc.",List of organizations (O) of subject.
8.7.0,true,tls,tls.client.x509.subject.organizational_unit,keyword,extended,array,,List of organizational units (OU) of subject.
8.7.0,true,tls,tls.client.x509.subject.state_or_province,keyword,extended,array,California,"List of state or province names (ST, S, or P)"
8.7.0,true,tls,tls.client.x509.version_number,keyword,extended,,3,Version of x509 format.
8.7.0,true,tls,tls.curve,keyword,extended,,secp256r1,"String indicating the curve used for the given cipher, when applicable."
8.7.0,true,tls,tls.established,boolean,extended,,,Boolean flag indicating if the TLS negotiation was successful and transitioned to an encrypted tunnel.
8.7.0,true,tls,tls.next_protocol,keyword,extended,,http/1.1,String indicating the protocol being tunneled.
8.7.0,true,tls,tls.resumed,boolean,extended,,,Boolean flag indicating if this TLS connection was resumed from an existing TLS negotiation.
8.7.0,true,tls,tls.server.certificate,keyword,extended,,MII...,PEM-encoded stand-alone certificate offered by the server.
8.7.0,true,tls,tls.server.certificate_chain,keyword,extended,array,"[""MII..."", ""MII...""]",Array of PEM-encoded certificates that make up the certificate chain offered by the server.
8.7.0,true,tls,tls.server.hash.md5,keyword,extended,,0F76C7F2C55BFD7D8E8B8F4BFBF0C9EC,Certificate fingerprint using the MD5 digest of DER-encoded version of certificate offered by the server.
8.7.0,true,tls,tls.server.hash.sha1,keyword,extended,,9E393D93138888D288266C2D915214D1D1CCEB2A,Certificate fingerprint using the SHA1 digest of DER-encoded version of certificate offered by the server.
8.7.0,true,tls,tls.server.hash.sha256,keyword,extended,,0687F666A054EF17A08E2F2162EAB4CBC0D265E1D7875BE74BF3C712CA92DAF0,Certificate fingerprint using the SHA256 digest of DER-encoded version of certificate offered by the server.
8.7.0,true,tls,tls.server.issuer,keyword,extended,,"CN=Example Root CA, OU=Infrastructure Team, DC=example, DC=com",Subject of the issuer of the x.509 certificate presented by the server.
8.7.0,true,tls,tls.server.ja3s,keyword,extended,,394441ab65754e2207b1e1b457b3641d,A hash that identifies servers based on how they perform an SSL/TLS handshake.
8.7.0,true,tls,tls.server.not_after,date,extended,,2021-01-01T00:00:00.000Z,Timestamp indicating when server certificate is no longer considered valid.
8.7.0,true,tls,tls.server.not_before,date,extended,,1970-01-01T00:00:00.000Z,Timestamp indicating when server certificate is first considered valid.
8.7.0,true,tls,tls.server.subject,keyword,extended,,"CN=www.example.com, OU=Infrastructure Team, DC=example, DC=com",Subject of the x.509 certificate presented by the server.
8.7.0,true,tls,tls.server.x509.alternative_names,keyword,extended,array,*.elastic.co,List of subject alternative names (SAN).
8.7.0,true,tls,tls.server.x509.issuer.common_name,keyword,extended,array,Example SHA2 High Assurance Server CA,List of common name (CN) of issuing certificate authority.
8.7.0,true,tls,tls.server.x509.issuer.country,keyword,extended,array,US,List of country \(C) codes
8.7.0,true,tls,tls.server.x509.issuer.distinguished_name,keyword,extended,,"C=US, O=Example Inc, OU=www.example.com, CN=Example SHA2 High Assurance Server CA",Distinguished name (DN) of issuing certificate authority.
8.7.0,true,tls,tls.server.x509.issuer.locality,keyword,extended,array,Mountain View,List of locality names (L)
8.7.0,true,tls,tls.server.x509.issuer.organization,keyword,extended,array,Example Inc,List of organizations (O) of issuing certificate authority.
8.7.0,true,tls,tls.server.x509.issuer.organizational_unit,keyword,extended,array,www.example.com,List of organizational units (OU) of issuing certificate authority.
8.7.0,true,tls,tls.server.x509.issuer.state_or_province,keyword,extended,array,California,"List of state or province names (ST, S, or P)"
8.7.0,true,tls,tls.server.x509.not_after,date,extended,,2020-07-16T03:15:39Z,Time at which the certificate is no longer considered valid.
8.7.0,true,tls,tls.server.x509.not_before,date,extended,,2019-08-16T01:40:25Z,Time at which the certificate is first considered valid.
8.7.0,true,tls,tls.server.x509.public_key_algorithm,keyword,extended,,RSA,Algorithm used to generate the public key.
8.7.0,true,tls,tls.server.x509.public_key_curve,keyword,extended,,nistp521,The curve used by the elliptic curve public key algorithm. This is algorithm specific.
8.7.0,false,tls,tls.server.x509.public_key_exponent,long,extended,,65537,Exponent used to derive the public key. This is algorithm specific.
8.7.0,true,tls,tls.server.x509.public_key_size,long,extended,,2048,The size of the public key space in bits.
8.7.0,true,tls,tls.server.x509.serial_number,keyword,extended,,55FBB9C7DEBF09809D12CCAA,Unique serial number issued by the certificate authority.
8.7.0,true,tls,tls.server.x509.signature_algorithm,keyword,extended,,SHA256-RSA,Identifier for certificate signature algorithm.
8.7.0,true,tls,tls.server.x509.subject.common_name,keyword,extended,array,shared.global.example.net,List of common names (CN) of subject.
8.7.0,true,tls,tls.server.x509.subject.country,keyword,extended,array,US,List of country \(C) code
8.7.0,true,tls,tls.server.x509.subject.distinguished_name,keyword,extended,,"C=US, ST=California, L=San Francisco, O=Example, Inc., CN=shared.global.example.net",Distinguished name (DN) of the certificate subject entity.
8.7.0,true,tls,tls.server.x509.subject.locality,keyword,extended,array,San Francisco,List of locality names (L)
8.7.0,true,tls,tls.server.x509.subject.organization,keyword,extended,array,"Example, Inc.",List of organizations (O) of subject.
8.7.0,true,tls,tls.server.x509.subject.organizational_unit,keyword,extended,array,,List of organizational units (OU) of subject.
8.7.0,true,tls,tls.server.x509.subject.state_or_province,keyword,extended,array,California,"List of state or province names (ST, S, or P)"
8.7.0,true,tls,tls.server.x509.version_number,keyword,extended,,3,Version of x509 format.
8.7.0,true,tls,tls.version,keyword,extended,,1.2,Numeric part of the version parsed from the original string.
8.7.0,true,tls,tls.version_protocol,keyword,extended,,tls,Normalized lowercase protocol name parsed from original string.
8.7.0,true,trace,trace.id,keyword,extended,,4bf92f3577b34da6a3ce929d0e0e4736,Unique identifier of the trace.
8.7.0,true,transaction,transaction.id,keyword,extended,,00f067aa0ba902b7,Unique identifier of the transaction within the scope of its trace.
8.7.0,true,url,url.domain,keyword,extended,,www.elastic.co,Domain of the url.
8.7.0,true,url,url.extension,keyword,extended,,png,"File extension from the request url, excluding the leading dot."
8.7.0,true,url,url.fragment,keyword,extended,,,Portion of the url after the `#`.
8.7.0,true,url,url.full,wildcard,extended,,https://www.elastic.co:443/search?q=elasticsearch#top,Full unparsed URL.
8.7.0,true,url,url.full.text,match_only_text,extended,,https://www.elastic.co:443/search?q=elasticsearch#top,Full unparsed URL.
8.7.0,true,url,url.original,wildcard,extended,,https://www.elastic.co:443/search?q=elasticsearch#top or /search?q=elasticsearch,Unmodified original url as seen in the event source.
8.7.0,true,url,url.original.text,match_only_text,extended,,https://www.elastic.co:443/search?q=elasticsearch#top or /search?q=elasticsearch,Unmodified original url as seen in the event source.
8.7.0,true,url,url.password,keyword,extended,,,Password of the request.
8.7.0,true,url,url.path,wildcard,extended,,,"Path of the request, such as ""/search""."
8.7.0,true,url,url.pl,integer,extended,,,Protect Level of URL
8.7.0,true,url,url.port,long,extended,,443,"Port of the request, such as 443."
8.7.0,true,url,url.query,keyword,extended,,,Query string of the request.
8.7.0,true,url,url.registered_domain,keyword,extended,,example.com,"The highest registered url domain, stripped of the subdomain."
8.7.0,true,url,url.scheme,keyword,extended,,https,Scheme of the url.
8.7.0,true,url,url.subdomain,keyword,extended,,east,The subdomain of the domain.
8.7.0,true,url,url.top_level_domain,keyword,extended,,co.uk,"The effective top level domain (com, org, net, co.uk)."
8.7.0,true,url,url.username,keyword,extended,,,Username of the request.
8.7.0,true,user,user.audit.group.id,keyword,extended,,,Unique identifier for the group on the system/platform.
8.7.0,true,user,user.audit.group.name,keyword,extended,,,Name of the group.
8.7.0,true,user,user.audit.id,keyword,extended,,,One or multiple unique identifiers of the user.
8.7.0,true,user,user.audit.name,keyword,extended,,,Short name or login of the user.
8.7.0,true,user,user.changes.domain,keyword,extended,,,Name of the directory the user is a member of.
8.7.0,true,user,user.changes.email,keyword,extended,,,User email address.
8.7.0,true,user,user.changes.full_name,keyword,extended,,Albert Einstein,"User's full name, if available."
8.7.0,true,user,user.changes.full_name.text,match_only_text,extended,,Albert Einstein,"User's full name, if available."
8.7.0,true,user,user.changes.group.domain,keyword,extended,,,Name of the directory the group is a member of.
8.7.0,true,user,user.changes.group.id,keyword,extended,,,Unique identifier for the group on the system/platform.
8.7.0,true,user,user.changes.group.name,keyword,extended,,,Name of the group.
8.7.0,true,user,user.changes.hash,keyword,extended,,,Unique user hash to correlate information for a user in anonymized form.
8.7.0,true,user,user.changes.id,keyword,core,,S-1-5-21-202424912787-2692429404-2351956786-1000,Unique identifier of the user.
8.7.0,true,user,user.changes.name,keyword,core,,a.einstein,Short name or login of the user.
8.7.0,true,user,user.changes.name.text,match_only_text,core,,a.einstein,Short name or login of the user.
8.7.0,true,user,user.changes.roles,keyword,extended,array,"[""kibana_admin"", ""reporting_user""]",Array of user roles at the time of the event.
8.7.0,true,user,user.domain,keyword,extended,,,Name of the directory the user is a member of.
8.7.0,true,user,user.effective.domain,keyword,extended,,,Name of the directory the user is a member of.
8.7.0,true,user,user.effective.email,keyword,extended,,,User email address.
8.7.0,true,user,user.effective.full_name,keyword,extended,,Albert Einstein,"User's full name, if available."
8.7.0,true,user,user.effective.full_name.text,match_only_text,extended,,Albert Einstein,"User's full name, if available."
8.7.0,true,user,user.effective.group.domain,keyword,extended,,,Name of the directory the group is a member of.
8.7.0,true,user,user.effective.group.id,keyword,extended,,,Unique identifier for the group on the system/platform.
8.7.0,true,user,user.effective.group.name,keyword,extended,,,Name of the group.
8.7.0,true,user,user.effective.hash,keyword,extended,,,Unique user hash to correlate information for a user in anonymized form.
8.7.0,true,user,user.effective.id,keyword,core,,S-1-5-21-202424912787-2692429404-2351956786-1000,Unique identifier of the user.
8.7.0,true,user,user.effective.name,keyword,core,,a.einstein,Short name or login of the user.
8.7.0,true,user,user.effective.name.text,match_only_text,core,,a.einstein,Short name or login of the user.
8.7.0,true,user,user.effective.roles,keyword,extended,array,"[""kibana_admin"", ""reporting_user""]",Array of user roles at the time of the event.
8.7.0,true,user,user.email,keyword,extended,,,User email address.
8.7.0,true,user,user.filesystem.group.id,keyword,extended,,,Unique identifier for the group on the system/platform.
8.7.0,true,user,user.filesystem.group.name,keyword,extended,,,Name of the group.
8.7.0,true,user,user.filesystem.id,keyword,extended,,,One or multiple unique identifiers of the user.
8.7.0,true,user,user.filesystem.name,keyword,extended,,,Short name or login of the user.
8.7.0,true,user,user.full_name,keyword,extended,,Albert Einstein,"User's full name, if available."
8.7.0,true,user,user.full_name.text,match_only_text,extended,,Albert Einstein,"User's full name, if available."
8.7.0,true,user,user.group.domain,keyword,extended,,,Name of the directory the group is a member of.
8.7.0,true,user,user.group.id,keyword,extended,,,Unique identifier for the group on the system/platform.
8.7.0,true,user,user.group.name,keyword,extended,,,Name of the group.
8.7.0,true,user,user.hash,keyword,extended,,,Unique user hash to correlate information for a user in anonymized form.
8.7.0,true,user,user.id,keyword,core,,S-1-5-21-202424912787-2692429404-2351956786-1000,Unique identifier of the user.
8.7.0,true,user,user.name,keyword,core,,a.einstein,Short name or login of the user.
8.7.0,true,user,user.name.text,match_only_text,core,,a.einstein,Short name or login of the user.
8.7.0,true,user,user.owner.group.id,keyword,extended,,,Unique identifier for the group on the system/platform.
8.7.0,true,user,user.owner.group.name,keyword,extended,,,Name of the group.
8.7.0,true,user,user.owner.id,keyword,extended,,,One or multiple unique identifiers of the user.
8.7.0,true,user,user.owner.name,keyword,extended,,,Short name or login of the user.
8.7.0,true,user,user.risk.calculated_level,keyword,extended,,High,A risk classification level calculated by an internal system as part of entity analytics and entity risk scoring.
8.7.0,true,user,user.risk.calculated_score,float,extended,,880.73,A risk classification score calculated by an internal system as part of entity analytics and entity risk scoring.
8.7.0,true,user,user.risk.calculated_score_norm,float,extended,,88.73,A normalized risk score calculated by an internal system.
8.7.0,true,user,user.risk.static_level,keyword,extended,,High,"A risk classification level obtained from outside the system, such as from some external Threat Intelligence Platform."
8.7.0,true,user,user.risk.static_score,float,extended,,830.0,"A risk classification score obtained from outside the system, such as from some external Threat Intelligence Platform."
8.7.0,true,user,user.risk.static_score_norm,float,extended,,83.0,A normalized risk score calculated by an external system.
8.7.0,true,user,user.roles,keyword,extended,array,"[""kibana_admin"", ""reporting_user""]",Array of user roles at the time of the event.
8.7.0,true,user,user.saved.group.id,keyword,extended,,,Unique identifier for the group on the system/platform.
8.7.0,true,user,user.saved.group.name,keyword,extended,,,Name of the group.
8.7.0,true,user,user.saved.id,keyword,extended,,,One or multiple unique identifiers of the user.
8.7.0,true,user,user.saved.name,keyword,extended,,,Short name or login of the user.
8.7.0,true,user,user.target.domain,keyword,extended,,,Name of the directory the user is a member of.
8.7.0,true,user,user.target.email,keyword,extended,,,User email address.
8.7.0,true,user,user.target.full_name,keyword,extended,,Albert Einstein,"User's full name, if available."
8.7.0,true,user,user.target.full_name.text,match_only_text,extended,,Albert Einstein,"User's full name, if available."
8.7.0,true,user,user.target.group.domain,keyword,extended,,,Name of the directory the group is a member of.
8.7.0,true,user,user.target.group.id,keyword,extended,,,Unique identifier for the group on the system/platform.
8.7.0,true,user,user.target.group.name,keyword,extended,,,Name of the group.
8.7.0,true,user,user.target.hash,keyword,extended,,,Unique user hash to correlate information for a user in anonymized form.
8.7.0,true,user,user.target.id,keyword,core,,S-1-5-21-202424912787-2692429404-2351956786-1000,Unique identifier of the user.
8.7.0,true,user,user.target.name,keyword,core,,a.einstein,Short name or login of the user.
8.7.0,true,user,user.target.name.text,match_only_text,core,,a.einstein,Short name or login of the user.
8.7.0,true,user,user.target.roles,keyword,extended,array,"[""kibana_admin"", ""reporting_user""]",Array of user roles at the time of the event.
8.7.0,true,user_agent,user_agent.device.name,keyword,extended,,iPhone,Name of the device.
8.7.0,true,user_agent,user_agent.name,keyword,extended,,Safari,Name of the user agent.
8.7.0,true,user_agent,user_agent.original,keyword,extended,,"Mozilla/5.0 (iPhone; CPU iPhone OS 12_1 like Mac OS X) AppleWebKit/605.1.15 (KHTML, like Gecko) Version/12.0 Mobile/15E148 Safari/604.1",Unparsed user_agent string.
8.7.0,true,user_agent,user_agent.original.text,match_only_text,extended,,"Mozilla/5.0 (iPhone; CPU iPhone OS 12_1 like Mac OS X) AppleWebKit/605.1.15 (KHTML, like Gecko) Version/12.0 Mobile/15E148 Safari/604.1",Unparsed user_agent string.
8.7.0,true,user_agent,user_agent.os.family,keyword,extended,,debian,"OS family (such as redhat, debian, freebsd, windows)."
8.7.0,true,user_agent,user_agent.os.full,keyword,extended,,Mac OS Mojave,"Operating system name, including the version or code name."
8.7.0,true,user_agent,user_agent.os.full.text,match_only_text,extended,,Mac OS Mojave,"Operating system name, including the version or code name."
8.7.0,true,user_agent,user_agent.os.kernel,keyword,extended,,4.4.0-112-generic,Operating system kernel version as a raw string.
8.7.0,true,user_agent,user_agent.os.name,keyword,extended,,Mac OS X,"Operating system name, without the version."
8.7.0,true,user_agent,user_agent.os.name.text,match_only_text,extended,,Mac OS X,"Operating system name, without the version."
8.7.0,true,user_agent,user_agent.os.platform,keyword,extended,,darwin,"Operating system platform (such centos, ubuntu, windows)."
8.7.0,true,user_agent,user_agent.os.type,keyword,extended,,macos,"Which commercial OS family (one of: linux, macos, unix, windows, ios or android)."
8.7.0,true,user_agent,user_agent.os.version,keyword,extended,,10.14.1,Operating system version as a raw string.
8.7.0,true,user_agent,user_agent.version,keyword,extended,,12.0,Version of the user agent.
8.7.0,true,vulnerability,vulnerability.category,keyword,extended,array,"[""Firewall""]",Category of a vulnerability.
8.7.0,true,vulnerability,vulnerability.classification,keyword,extended,,CVSS,Classification of the vulnerability.
8.7.0,true,vulnerability,vulnerability.description,keyword,extended,,"In macOS before 2.12.6, there is a vulnerability in the RPC...",Description of the vulnerability.
8.7.0,true,vulnerability,vulnerability.description.text,match_only_text,extended,,"In macOS before 2.12.6, there is a vulnerability in the RPC...",Description of the vulnerability.
8.7.0,true,vulnerability,vulnerability.enumeration,keyword,extended,,CVE,Identifier of the vulnerability.
8.7.0,true,vulnerability,vulnerability.id,keyword,extended,,CVE-2019-00001,ID of the vulnerability.
8.7.0,true,vulnerability,vulnerability.reference,keyword,extended,,https://cve.mitre.org/cgi-bin/cvename.cgi?name=CVE-2019-6111,Reference of the vulnerability.
8.7.0,true,vulnerability,vulnerability.report_id,keyword,extended,,20191018.0001,Scan identification number.
8.7.0,true,vulnerability,vulnerability.scanner.vendor,keyword,extended,,Tenable,Name of the scanner vendor.
8.7.0,true,vulnerability,vulnerability.score.base,float,extended,,5.5,Vulnerability Base score.
8.7.0,true,vulnerability,vulnerability.score.environmental,float,extended,,5.5,Vulnerability Environmental score.
8.7.0,true,vulnerability,vulnerability.score.temporal,float,extended,,,Vulnerability Temporal score.
8.7.0,true,vulnerability,vulnerability.score.version,keyword,extended,,2.0,CVSS version.
8.7.0,true,vulnerability,vulnerability.severity,keyword,extended,,Critical,Severity of the vulnerability.
